file_path,code_churn,commit_count
.github/workflows/basic-tests.yml,16,7
.pre-commit-config.yaml,59,15
dev/breeze/src/airflow_breeze/commands/ci_commands.py,2,1
airflow-core/src/airflow/ui/public/i18n/locales/en/common.json,10,1
airflow-core/src/airflow/ui/src/components/PoolBar.tsx,126,1
airflow-core/src/airflow/ui/src/pages/Dashboard/PoolSummary/PoolSummary.tsx,4,1
airflow-core/src/airflow/ui/src/pages/Pools/PoolBarCard.tsx,5,1
airflow-ctl-tests/tests/airflowctl_tests/test_airflowctl_commands.py,225,3
dev/README_RELEASE_PROVIDERS.md,121,3
scripts/ci/prek/prevent_deprecated_sqlalchemy_usage.py,6,1
airflow-core/src/airflow/api_fastapi/core_api/datamodels/hitl.py,7,1
airflow-core/src/airflow/api_fastapi/core_api/datamodels/task_instance_history.py,6,1
airflow-core/src/airflow/api_fastapi/core_api/openapi/v2-rest-api-generated.yaml,96,3
airflow-core/src/airflow/api_fastapi/core_api/routes/public/hitl.py,83,2
airflow-core/src/airflow/api_fastapi/core_api/routes/public/task_instances.py,26,1
airflow-core/src/airflow/ui/openapi-gen/queries/common.ts,25,3
airflow-core/src/airflow/ui/openapi-gen/queries/ensureQueryData.ts,37,3
airflow-core/src/airflow/ui/openapi-gen/queries/prefetch.ts,37,3
airflow-core/src/airflow/ui/openapi-gen/queries/queries.ts,37,3
airflow-core/src/airflow/ui/openapi-gen/queries/suspense.ts,37,3
airflow-core/src/airflow/ui/openapi-gen/requests/schemas.gen.ts,45,4
airflow-core/src/airflow/ui/openapi-gen/requests/services.gen.ts,42,3
airflow-core/src/airflow/ui/openapi-gen/requests/types.gen.ts,46,6
airflow-core/src/airflow/ui/src/pages/HITLTaskInstances/HITLResponseForm.tsx,18,2
airflow-core/src/airflow/ui/src/pages/TaskInstance/HITLResponse.tsx,54,1
airflow-core/src/airflow/ui/src/utils/hitl.ts,8,1
airflow-core/tests/unit/api_fastapi/core_api/routes/public/test_hitl.py,4,1
airflow-core/tests/unit/api_fastapi/core_api/routes/public/test_task_instances.py,776,7
airflow-core/tests/unit/models/test_taskinstance.py,100,3
airflow-ctl/src/airflowctl/api/datamodels/generated.py,43,2
providers/amazon/src/airflow/providers/amazon/aws/operators/emr.py,47,2
providers/amazon/src/airflow/providers/amazon/aws/triggers/emr.py,4,1
providers/amazon/tests/unit/amazon/aws/operators/test_emr_serverless.py,203,1
airflow-core/newsfragments/template.significant.rst,33,2
airflow-core/newsfragments/config.toml,2,1
airflow-ctl/src/airflowctl/__init__.py,4,2
airflow-core/src/airflow/ui/tests/e2e/pages/AssetListPage.ts,101,1
airflow-core/src/airflow/ui/tests/e2e/specs/asset.spec.ts,138,1
newsfragments/template.significant.rst,33,1
providers/amazon/tests/system/amazon/aws/example_kinesis_analytics.py,3,1
providers/amazon/tests/unit/amazon/aws/transfers/test_s3_to_sql.py,10,1
providers/elasticsearch/src/airflow/providers/elasticsearch/log/es_task_handler.py,12,2
providers/opensearch/src/airflow/providers/opensearch/log/os_task_handler.py,11,2
dev/README_RELEASE_AIRFLOWCTL.md,64,3
dev/prune_old_dirs.py,102,1
airflow-core/docs/core-concepts/executor/index.rst,6,2
airflow-core/src/airflow/executors/executor_loader.py,15,1
airflow-core/tests/unit/executors/test_executor_loader.py,27,1
providers/.last_release_date.txt,4,2
providers/airbyte/README.rst,6,1
providers/airbyte/docs/changelog.rst,12,1
providers/airbyte/docs/index.rst,8,1
providers/airbyte/provider.yaml,3,1
providers/airbyte/pyproject.toml,10,2
providers/airbyte/src/airflow/providers/airbyte/__init__.py,2,1
providers/alibaba/README.rst,12,2
providers/alibaba/docs/changelog.rst,23,2
providers/alibaba/docs/index.rst,14,2
providers/alibaba/provider.yaml,6,2
providers/alibaba/pyproject.toml,16,3
providers/alibaba/src/airflow/providers/alibaba/__init__.py,4,2
providers/amazon/README.rst,13,2
providers/amazon/docs/changelog.rst,61,2
providers/amazon/docs/index.rst,14,2
providers/amazon/provider.yaml,9,3
providers/amazon/pyproject.toml,19,4
providers/amazon/src/airflow/providers/amazon/__init__.py,4,2
providers/apache/beam/README.rst,6,1
providers/apache/beam/docs/changelog.rst,13,1
providers/apache/beam/docs/index.rst,8,1
providers/apache/beam/provider.yaml,3,1
providers/apache/beam/pyproject.toml,10,2
providers/apache/beam/src/airflow/providers/apache/beam/__init__.py,2,1
providers/apache/cassandra/README.rst,6,1
providers/apache/cassandra/docs/changelog.rst,11,1
providers/apache/cassandra/docs/index.rst,19,1
providers/apache/cassandra/provider.yaml,3,1
providers/apache/cassandra/pyproject.toml,14,1
providers/apache/cassandra/src/airflow/providers/apache/cassandra/__init__.py,2,1
providers/apache/drill/README.rst,6,1
providers/apache/drill/docs/changelog.rst,11,1
providers/apache/drill/docs/index.rst,6,1
providers/apache/drill/provider.yaml,3,1
providers/apache/drill/pyproject.toml,6,1
providers/apache/drill/src/airflow/providers/apache/drill/__init__.py,2,1
providers/apache/druid/README.rst,6,1
providers/apache/druid/docs/changelog.rst,13,1
providers/apache/druid/docs/index.rst,6,1
providers/apache/druid/provider.yaml,3,1
providers/apache/druid/pyproject.toml,9,1
providers/apache/druid/src/airflow/providers/apache/druid/__init__.py,2,1
providers/apache/flink/README.rst,6,1
providers/apache/flink/docs/changelog.rst,11,1
providers/apache/flink/docs/index.rst,6,1
providers/apache/flink/provider.yaml,3,1
providers/apache/flink/pyproject.toml,6,1
providers/apache/flink/src/airflow/providers/apache/flink/__init__.py,2,1
providers/apache/hdfs/README.rst,6,1
providers/apache/hdfs/docs/changelog.rst,12,1
providers/apache/hdfs/docs/index.rst,8,1
providers/apache/hdfs/provider.yaml,3,1
providers/apache/hdfs/pyproject.toml,10,2
providers/apache/hdfs/src/airflow/providers/apache/hdfs/__init__.py,2,1
providers/apache/hive/README.rst,12,2
providers/apache/hive/docs/changelog.rst,25,2
providers/apache/hive/docs/index.rst,14,2
providers/apache/hive/provider.yaml,6,2
providers/apache/hive/pyproject.toml,19,3
providers/apache/hive/src/airflow/providers/apache/hive/__init__.py,4,2
providers/apache/iceberg/README.rst,6,1
providers/apache/iceberg/docs/changelog.rst,11,1
providers/apache/iceberg/docs/index.rst,17,1
providers/apache/iceberg/provider.yaml,3,1
providers/apache/iceberg/pyproject.toml,14,1
providers/apache/iceberg/src/airflow/providers/apache/iceberg/__init__.py,2,1
providers/apache/impala/README.rst,45,1
providers/apache/impala/docs/changelog.rst,13,1
providers/apache/impala/docs/index.rst,36,2
providers/apache/impala/provider.yaml,3,1
providers/apache/impala/pyproject.toml,18,3
providers/apache/impala/src/airflow/providers/apache/impala/__init__.py,2,1
providers/apache/kafka/README.rst,14,2
providers/apache/kafka/docs/changelog.rst,23,2
providers/apache/kafka/docs/index.rst,16,2
providers/apache/kafka/provider.yaml,6,2
providers/apache/kafka/pyproject.toml,18,3
providers/apache/kafka/src/airflow/providers/apache/kafka/__init__.py,4,2
providers/apache/kylin/README.rst,6,1
providers/apache/kylin/docs/changelog.rst,12,1
providers/apache/kylin/docs/index.rst,6,1
providers/apache/kylin/provider.yaml,3,1
providers/apache/kylin/pyproject.toml,6,1
providers/apache/kylin/src/airflow/providers/apache/kylin/__init__.py,2,1
providers/apache/livy/README.rst,6,1
providers/apache/livy/docs/changelog.rst,13,1
providers/apache/livy/docs/index.rst,8,1
providers/apache/livy/provider.yaml,3,1
providers/apache/livy/pyproject.toml,10,2
providers/apache/livy/src/airflow/providers/apache/livy/__init__.py,2,1
providers/apache/pig/README.rst,6,1
providers/apache/pig/docs/changelog.rst,11,1
providers/apache/pig/docs/index.rst,6,1
providers/apache/pig/provider.yaml,3,1
providers/apache/pig/pyproject.toml,6,1
providers/apache/pig/src/airflow/providers/apache/pig/__init__.py,2,1
providers/apache/pinot/README.rst,6,1
providers/apache/pinot/docs/changelog.rst,11,1
providers/apache/pinot/docs/index.rst,6,1
providers/apache/pinot/provider.yaml,3,1
providers/apache/pinot/pyproject.toml,6,1
providers/apache/pinot/src/airflow/providers/apache/pinot/__init__.py,2,1
providers/apache/spark/README.rst,12,2
providers/apache/spark/docs/changelog.rst,29,2
providers/apache/spark/docs/index.rst,14,2
providers/apache/spark/provider.yaml,7,3
providers/apache/spark/pyproject.toml,16,3
providers/apache/spark/src/airflow/providers/apache/spark/__init__.py,4,2
providers/apache/tinkerpop/README.rst,6,1
providers/apache/tinkerpop/docs/changelog.rst,11,1
providers/apache/tinkerpop/docs/index.rst,19,1
providers/apache/tinkerpop/provider.yaml,3,1
providers/apache/tinkerpop/pyproject.toml,14,1
providers/apache/tinkerpop/src/airflow/providers/apache/tinkerpop/__init__.py,2,1
providers/apprise/README.rst,6,1
providers/apprise/docs/changelog.rst,11,1
providers/apprise/docs/index.rst,6,1
providers/apprise/provider.yaml,3,1
providers/apprise/pyproject.toml,6,1
providers/apprise/src/airflow/providers/apprise/__init__.py,2,1
providers/arangodb/README.rst,6,1
providers/arangodb/docs/changelog.rst,11,1
providers/arangodb/docs/index.rst,6,1
providers/arangodb/provider.yaml,3,1
providers/arangodb/pyproject.toml,6,1
providers/arangodb/src/airflow/providers/arangodb/__init__.py,2,1
providers/asana/README.rst,6,1
providers/asana/docs/changelog.rst,11,1
providers/asana/docs/index.rst,6,1
providers/asana/provider.yaml,3,1
providers/asana/pyproject.toml,6,1
providers/asana/src/airflow/providers/asana/__init__.py,2,1
providers/atlassian/jira/README.rst,8,2
providers/atlassian/jira/docs/changelog.rst,16,1
providers/atlassian/jira/docs/index.rst,6,1
providers/atlassian/jira/provider.yaml,3,1
providers/atlassian/jira/pyproject.toml,6,1
providers/atlassian/jira/src/airflow/providers/atlassian/jira/__init__.py,2,1
providers/celery/README.rst,12,2
providers/celery/docs/changelog.rst,36,2
providers/celery/docs/index.rst,14,2
providers/celery/provider.yaml,9,3
providers/celery/pyproject.toml,16,3
providers/celery/src/airflow/providers/celery/__init__.py,4,2
providers/cloudant/README.rst,6,1
providers/cloudant/docs/changelog.rst,11,1
providers/cloudant/docs/index.rst,6,1
providers/cloudant/provider.yaml,3,1
providers/cloudant/pyproject.toml,6,1
providers/cloudant/src/airflow/providers/cloudant/__init__.py,2,1
providers/cncf/kubernetes/README.rst,12,2
providers/cncf/kubernetes/docs/changelog.rst,76,5
providers/cncf/kubernetes/docs/index.rst,12,2
providers/cncf/kubernetes/provider.yaml,18,4
providers/cncf/kubernetes/pyproject.toml,12,2
providers/cncf/kubernetes/src/airflow/providers/cncf/kubernetes/__init__.py,4,2
providers/cohere/README.rst,6,1
providers/cohere/docs/changelog.rst,11,1
providers/cohere/docs/index.rst,6,1
providers/cohere/provider.yaml,3,1
providers/cohere/pyproject.toml,6,1
providers/cohere/src/airflow/providers/cohere/__init__.py,2,1
providers/common/compat/README.rst,12,2
providers/common/compat/docs/changelog.rst,43,2
providers/common/compat/docs/index.rst,12,2
providers/common/compat/provider.yaml,6,2
providers/common/compat/pyproject.toml,12,2
providers/common/compat/src/airflow/providers/common/compat/__init__.py,4,2
providers/common/io/README.rst,17,1
providers/common/io/docs/changelog.rst,14,1
providers/common/io/docs/index.rst,19,2
providers/common/io/provider.yaml,3,1
providers/common/io/pyproject.toml,12,2
providers/common/io/src/airflow/providers/common/io/__init__.py,2,1
providers/common/messaging/README.rst,6,1
providers/common/messaging/docs/changelog.rst,14,1
providers/common/messaging/docs/index.rst,2,1
providers/common/messaging/provider.yaml,3,1
providers/common/messaging/pyproject.toml,6,1
providers/common/messaging/src/airflow/providers/common/messaging/__init__.py,2,1
providers/common/sql/README.rst,15,2
providers/common/sql/docs/changelog.rst,33,2
providers/common/sql/docs/index.rst,16,2
providers/common/sql/provider.yaml,6,2
providers/common/sql/pyproject.toml,21,4
providers/common/sql/src/airflow/providers/common/sql/__init__.py,4,2
providers/databricks/README.rst,14,2
providers/databricks/docs/changelog.rst,33,2
providers/databricks/docs/index.rst,15,3
providers/databricks/provider.yaml,6,2
providers/databricks/pyproject.toml,34,9
providers/databricks/src/airflow/providers/databricks/__init__.py,4,2
providers/datadog/README.rst,6,1
providers/datadog/docs/changelog.rst,11,1
providers/datadog/docs/index.rst,6,1
providers/datadog/provider.yaml,3,1
providers/datadog/pyproject.toml,6,1
providers/datadog/src/airflow/providers/datadog/__init__.py,2,1
providers/dbt/cloud/README.rst,12,2
providers/dbt/cloud/docs/changelog.rst,26,2
providers/dbt/cloud/docs/index.rst,14,2
providers/dbt/cloud/provider.yaml,6,2
providers/dbt/cloud/pyproject.toml,16,3
providers/dbt/cloud/src/airflow/providers/dbt/cloud/__init__.py,4,2
providers/dingding/README.rst,6,1
providers/dingding/docs/changelog.rst,11,1
providers/dingding/docs/index.rst,6,1
providers/dingding/provider.yaml,3,1
providers/dingding/pyproject.toml,6,1
providers/dingding/src/airflow/providers/dingding/__init__.py,2,1
providers/discord/README.rst,6,1
providers/discord/docs/changelog.rst,16,1
providers/discord/docs/index.rst,7,2
providers/discord/provider.yaml,3,1
providers/discord/pyproject.toml,6,1
providers/discord/src/airflow/providers/discord/__init__.py,2,1
providers/docker/README.rst,6,1
providers/docker/docs/changelog.rst,13,1
providers/docker/docs/index.rst,6,1
providers/docker/provider.yaml,3,1
providers/docker/pyproject.toml,13,1
providers/docker/src/airflow/providers/docker/__init__.py,2,1
providers/edge3/README.rst,16,2
providers/edge3/docs/changelog.rst,49,2
providers/edge3/docs/index.rst,18,3
providers/edge3/provider.yaml,9,3
providers/edge3/pyproject.toml,20,4
providers/edge3/src/airflow/providers/edge3/__init__.py,4,2
providers/elasticsearch/README.rst,14,2
providers/elasticsearch/docs/changelog.rst,23,2
providers/elasticsearch/docs/index.rst,16,2
providers/elasticsearch/provider.yaml,6,2
providers/elasticsearch/pyproject.toml,18,3
providers/elasticsearch/src/airflow/providers/elasticsearch/__init__.py,4,2
providers/exasol/README.rst,47,1
providers/exasol/docs/changelog.rst,14,1
providers/exasol/docs/index.rst,40,2
providers/exasol/provider.yaml,3,1
providers/exasol/pyproject.toml,17,3
providers/exasol/src/airflow/providers/exasol/__init__.py,2,1
providers/fab/README.rst,13,2
providers/fab/docs/changelog.rst,54,2
providers/fab/docs/index.rst,15,3
providers/fab/provider.yaml,9,3
providers/fab/pyproject.toml,19,4
providers/fab/src/airflow/providers/fab/__init__.py,4,2
providers/facebook/README.rst,6,1
providers/facebook/docs/changelog.rst,11,1
providers/facebook/docs/index.rst,6,1
providers/facebook/provider.yaml,3,1
providers/facebook/pyproject.toml,6,1
providers/facebook/src/airflow/providers/facebook/__init__.py,2,1
providers/ftp/README.rst,6,1
providers/ftp/docs/changelog.rst,11,1
providers/ftp/docs/index.rst,6,1
providers/ftp/provider.yaml,3,1
providers/ftp/pyproject.toml,9,1
providers/ftp/src/airflow/providers/ftp/__init__.py,2,1
providers/git/README.rst,12,2
providers/git/docs/changelog.rst,22,2
providers/git/docs/index.rst,12,2
providers/git/provider.yaml,6,2
providers/git/pyproject.toml,12,2
providers/git/src/airflow/providers/git/__init__.py,4,2
providers/github/README.rst,6,1
providers/github/docs/changelog.rst,12,1
providers/github/docs/index.rst,6,1
providers/github/provider.yaml,3,1
providers/github/pyproject.toml,6,1
providers/github/src/airflow/providers/github/__init__.py,2,1
providers/google/README.rst,12,2
providers/google/docs/changelog.rst,61,2
providers/google/docs/index.rst,14,2
providers/google/provider.yaml,6,2
providers/google/pyproject.toml,16,3
providers/google/src/airflow/providers/google/__init__.py,4,2
providers/grpc/README.rst,12,2
providers/grpc/docs/changelog.rst,22,2
providers/grpc/docs/index.rst,12,2
providers/grpc/provider.yaml,6,2
providers/grpc/pyproject.toml,12,2
providers/grpc/src/airflow/providers/grpc/__init__.py,4,2
providers/hashicorp/README.rst,12,2
providers/hashicorp/docs/changelog.rst,23,2
providers/hashicorp/docs/index.rst,12,2
providers/hashicorp/provider.yaml,6,2
providers/hashicorp/pyproject.toml,12,2
providers/hashicorp/src/airflow/providers/hashicorp/__init__.py,4,2
providers/http/README.rst,12,2
providers/http/docs/changelog.rst,24,2
providers/http/docs/index.rst,14,2
providers/http/provider.yaml,6,2
providers/http/pyproject.toml,23,3
providers/http/src/airflow/providers/http/__init__.py,4,2
providers/imap/README.rst,12,2
providers/imap/docs/changelog.rst,23,2
providers/imap/docs/index.rst,14,2
providers/imap/provider.yaml,6,2
providers/imap/pyproject.toml,16,3
.github/actions/install-prek/action.yml,12,5
Dockerfile.ci,20,6
chart/.pre-commit-config.yaml,3,1
dev/breeze/doc/ci/02_images.md,12,5
dev/breeze/pyproject.toml,6,3
dev/breeze/src/airflow_breeze/commands/release_management_commands.py,14,5
dev/breeze/uv.lock,2625,5
go-sdk/.pre-commit-config.yaml,4,2
airflow-core/tests/unit/always/test_project_structure.py,16,1
airflow-core/tests/unit/migrations/__init__.py,16,1
airflow-core/tests/unit/migrations/test_no_orm_refs_in_migration_scripts.py,68,1
dev/breeze/tests/test_pytest_args_for_test_types.py,1,1
devel-common/src/tests_common/test_utils/file_loading.py,16,1
scripts/ci/prek/check_tests_in_right_folders.py,1,1
airflow-core/src/airflow/api_fastapi/core_api/routes/public/log.py,2,1
airflow-core/src/airflow/api_fastapi/auth/managers/simple/ui/package-lock.json,3735,6
airflow-core/src/airflow/api_fastapi/auth/managers/simple/ui/package.json,79,7
airflow-core/src/airflow/api_fastapi/auth/managers/simple/ui/pnpm-lock.yaml,2684,7
airflow-core/src/airflow/ui/tests/e2e/pages/EventsPage.ts,230,1
airflow-core/src/airflow/ui/tests/e2e/specs/dag-audit-log.spec.ts,161,1
clients/python/CHANGELOG.md,8,1
clients/python/version.txt,2,1
airflow-core/.pre-commit-config.yaml,3,1
airflow-core/src/airflow/dag_processing/dagbag.py,330,2
airflow-core/src/airflow/dag_processing/importers/__init__.py,39,1
airflow-core/src/airflow/dag_processing/importers/base.py,266,1
airflow-core/src/airflow/dag_processing/importers/python_importer.py,360,1
airflow-core/tests/unit/dag_processing/importers/__init__.py,16,1
airflow-core/tests/unit/dag_processing/importers/test_registry.py,99,1
airflow-core/tests/unit/dag_processing/test_dagbag.py,165,3
airflow-core/src/airflow/api_fastapi/core_api/datamodels/dag_run.py,5,1
airflow-core/tests/unit/api_fastapi/core_api/routes/public/test_dag_run.py,63,3
chart/Chart.yaml,18,1
chart/newsfragments/59271.significant.rst,3,1
chart/newsfragments/60453.significant.rst,3,1
chart/values.schema.json,372,14
chart/values.yaml,169,15
.github/ISSUE_TEMPLATE/1-airflow_bug_report.yml,2,1
Dockerfile,8,4
README.md,12,1
RELEASE_NOTES.rst,86,2
airflow-core/docs/installation/supported-versions.rst,2,1
airflow-core/newsfragments/59399.feature.rst,2,2
airflow-core/newsfragments/59688.improvement.rst,1,1
dev/breeze/src/airflow_breeze/global_constants.py,11,7
generated/PYPI_README.md,10,1
reproducible_build.yaml,8,2
scripts/ci/prek/supported_versions.py,2,1
airflow-core/src/airflow/ui/src/layouts/Details/DetailsLayout.tsx,4,2
airflow-core/src/airflow/ui/src/layouts/Details/Gantt/Gantt.tsx,187,2
airflow-core/src/airflow/ui/src/layouts/Details/Gantt/utils.ts,23,2
airflow-core/src/airflow/ui/src/layouts/Details/Grid/Grid.tsx,161,3
airflow-core/src/airflow/ui/src/layouts/Details/Grid/constants.ts,32,1
airflow-core/src/airflow/ui/package.json,6,2
airflow-core/src/airflow/ui/pnpm-lock.yaml,417,2
airflow-core/src/airflow/ui/src/components/DagActions/DeleteDagButton.tsx,12,2
airflow-core/src/airflow/ui/src/components/DurationChart.tsx,4,1
airflow-core/src/airflow/ui/src/components/SearchDags/SearchDags.tsx,2,1
airflow-core/src/airflow/ui/src/hooks/navigation/useNavigation.ts,172,3
airflow-core/src/airflow/ui/src/hooks/useRequiredActionTabs.ts,42,2
airflow-core/src/airflow/ui/src/layouts/Details/DagRunSelect.tsx,27,2
airflow-core/src/airflow/ui/src/pages/DeleteRunButton.tsx,2,1
airflow-core/src/airflow/ui/src/pages/Error.tsx,17,1
airflow-core/src/airflow/ui/src/pages/Security.tsx,2,1
airflow-core/src/airflow/ui/src/queries/useTrigger.ts,2,1
airflow-core/src/airflow/ui/tests/e2e/pages/DagsPage.ts,10,2
airflow-core/src/airflow/api_fastapi/core_api/openapi/_private_ui.yaml,30,4
airflow-core/src/airflow/api_fastapi/core_api/routes/ui/grid.py,11,1
airflow-core/src/airflow/api_fastapi/core_api/routes/ui/structure.py,6,1
airflow-core/src/airflow/serialization/definitions/dag.py,5,1
airflow-core/tests/unit/api_fastapi/core_api/routes/ui/test_grid.py,195,1
airflow-core/tests/unit/api_fastapi/core_api/routes/ui/test_structure.py,110,1
dev/react-plugin-tools/react_plugin_template/src/global.d.ts,28,2
dev/react-plugin-tools/react_plugin_template/src/main.tsx,10,2
dev/react-plugin-tools/react_plugin_template/src/theme.ts,409,2
airflow-core/src/airflow/ui/public/i18n/locales/ko/components.json,7,1
airflow-core/src/airflow/ui/tests/e2e/pages/DagRunsPage.ts,188,1
airflow-core/src/airflow/ui/tests/e2e/specs/dag-runs.spec.ts,146,1
providers/cncf/kubernetes/src/airflow/providers/cncf/kubernetes/hooks/kubernetes.py,58,2
providers/cncf/kubernetes/src/airflow/providers/cncf/kubernetes/kubernetes_helper_functions.py,2,1
providers/cncf/kubernetes/tests/unit/cncf/kubernetes/hooks/test_kubernetes.py,80,1
providers/google/src/airflow/providers/google/cloud/operators/dataproc.py,51,3
providers/google/tests/unit/google/cloud/operators/test_dataproc.py,192,3
helm-tests/tests/helm_tests/airflow_aux/test_cleanup_pods.py,7,1
helm-tests/tests/helm_tests/airflow_aux/test_database_cleanup.py,7,1
helm-tests/tests/helm_tests/airflow_aux/test_pod_template_file.py,188,3
helm-tests/tests/helm_tests/airflow_core/test_pdb_scheduler.py,11,1
helm-tests/tests/helm_tests/airflow_core/test_pdb_triggerer.py,4,1
helm-tests/tests/helm_tests/airflow_core/test_pdb_worker.py,4,1
helm-tests/tests/helm_tests/airflow_core/test_scheduler.py,222,3
helm-tests/tests/helm_tests/airflow_core/test_worker.py,941,13
helm-tests/tests/helm_tests/apiserver/test_ingress_apiserver.py,11,1
helm-tests/tests/helm_tests/other/test_flower.py,20,2
helm-tests/tests/helm_tests/other/test_git_sync_webserver.py,1,1
helm-tests/tests/helm_tests/other/test_pdb_pgbouncer.py,11,1
helm-tests/tests/helm_tests/webserver/test_ingress_flower.py,11,1
helm-tests/tests/helm_tests/webserver/test_ingress_web.py,11,1
helm-tests/tests/helm_tests/webserver/test_pdb_webserver.py,11,1
helm-tests/tests/helm_tests/webserver/test_webserver.py,20,2
providers/apache/spark/docs/decorators/pyspark.rst,2,1
providers/apache/spark/docs/operators.rst,25,1
providers/apache/spark/src/airflow/providers/apache/spark/decorators/pyspark.py,80,1
providers/apache/spark/src/airflow/providers/apache/spark/get_provider_info.py,1,1
providers/apache/spark/src/airflow/providers/apache/spark/operators/spark_pyspark.py,97,1
providers/apache/spark/tests/system/apache/spark/example_spark_dag.py,11,1
providers/apache/spark/tests/unit/apache/spark/decorators/test_pyspark.py,11,1
providers/apache/spark/tests/unit/apache/spark/operators/test_spark_pyspark.py,44,1
providers/cncf/kubernetes/src/airflow/providers/cncf/kubernetes/utils/pod_manager.py,62,3
providers/cncf/kubernetes/tests/unit/cncf/kubernetes/utils/test_pod_manager.py,127,3
providers/amazon/src/airflow/providers/amazon/aws/auth_manager/aws_auth_manager.py,33,3
providers/amazon/src/airflow/providers/amazon/aws/auth_manager/cli/avp_commands.py,5,2
providers/amazon/src/airflow/providers/amazon/aws/auth_manager/user.py,2,1
providers/amazon/src/airflow/providers/amazon/aws/hooks/athena_sql.py,18,3
providers/amazon/src/airflow/providers/amazon/aws/hooks/redshift_sql.py,24,3
providers/amazon/src/airflow/providers/amazon/aws/queues/sqs.py,2,1
providers/amazon/src/airflow/providers/amazon/aws/transfers/azure_blob_to_s3.py,2,1
providers/amazon/src/airflow/providers/amazon/aws/transfers/sql_to_s3.py,2,1
providers/amazon/tests/unit/amazon/aws/hooks/test_hooks_signature.py,2,1
providers/apache/beam/src/airflow/providers/apache/beam/hooks/beam.py,2,1
providers/apache/beam/src/airflow/providers/apache/beam/operators/beam.py,11,2
providers/apache/beam/src/airflow/providers/apache/beam/triggers/beam.py,2,1
providers/apache/hive/src/airflow/providers/apache/hive/hooks/hive.py,6,2
providers/apache/impala/src/airflow/providers/apache/impala/hooks/impala.py,13,2
providers/apache/kafka/src/airflow/providers/apache/kafka/hooks/base.py,2,1
providers/celery/src/airflow/providers/celery/cli/celery_command.py,4,1
providers/celery/src/airflow/providers/celery/executors/__init__.py,2,1
providers/common/compat/src/airflow/providers/common/compat/check.py,2,1
providers/common/compat/src/airflow/providers/common/compat/openlineage/check.py,2,1
providers/common/compat/src/airflow/providers/common/compat/sdk.py,20,5
providers/common/compat/tests/unit/common/compat/openlineage/test_check.py,2,1
providers/common/compat/tests/unit/common/compat/test_check.py,2,1
providers/common/io/src/airflow/providers/common/io/xcom/__init__.py,2,1
providers/common/sql/src/airflow/providers/common/sql/hooks/sql.py,67,4
providers/databricks/src/airflow/providers/databricks/hooks/databricks_base.py,3,1
providers/databricks/src/airflow/providers/databricks/hooks/databricks_sql.py,14,2
providers/databricks/src/airflow/providers/databricks/plugins/databricks_workflow.py,30,3
providers/databricks/tests/unit/databricks/hooks/test_databricks_sql.py,3,1
providers/databricks/tests/unit/databricks/utils/test_openlineage.py,2,1
providers/dbt/cloud/tests/unit/dbt/cloud/utils/test_openlineage.py,2,1
providers/exasol/src/airflow/providers/exasol/hooks/exasol.py,21,3
providers/google/src/airflow/providers/google/cloud/hooks/bigquery.py,4,1
providers/google/src/airflow/providers/google/cloud/operators/kubernetes_engine.py,10,3
providers/google/src/airflow/providers/google/cloud/transfers/adls_to_gcs.py,2,1
providers/google/src/airflow/providers/google/cloud/transfers/azure_blob_to_gcs.py,2,1
providers/google/src/airflow/providers/google/cloud/transfers/azure_fileshare_to_gcs.py,2,1
providers/google/src/airflow/providers/google/leveldb/hooks/leveldb.py,7,1
providers/google/tests/system/google/cloud/vertex_ai/example_vertex_ai_ray.py,2,1
providers/google/tests/system/google/leveldb/example_leveldb.py,2,1
providers/google/tests/unit/google/leveldb/hooks/test_leveldb.py,2,1
providers/google/tests/unit/google/leveldb/operators/test_leveldb.py,2,1
providers/mysql/pyproject.toml,2,1
providers/mysql/src/airflow/providers/mysql/hooks/mysql.py,2,1
providers/openlineage/src/airflow/providers/openlineage/utils/sql.py,20,2
providers/openlineage/src/airflow/providers/openlineage/utils/utils.py,396,3
providers/postgres/src/airflow/providers/postgres/hooks/postgres.py,24,3
providers/postgres/tests/unit/postgres/hooks/test_postgres.py,3,1
providers/presto/src/airflow/providers/presto/hooks/presto.py,22,3
providers/snowflake/src/airflow/providers/snowflake/hooks/snowflake.py,204,3
providers/snowflake/tests/unit/snowflake/hooks/test_snowflake.py,122,2
providers/snowflake/tests/unit/snowflake/utils/test_openlineage.py,2,1
providers/standard/src/airflow/providers/standard/operators/hitl.py,4,2
providers/standard/src/airflow/providers/standard/triggers/hitl.py,2,1
providers/standard/src/airflow/providers/standard/utils/openlineage.py,2,1
providers/standard/tests/unit/standard/utils/test_openlineage.py,2,1
providers/teradata/pyproject.toml,11,3
providers/teradata/src/airflow/providers/teradata/hooks/teradata.py,19,2
providers/teradata/src/airflow/providers/teradata/transfers/azure_blob_to_teradata.py,2,1
providers/teradata/src/airflow/providers/teradata/transfers/s3_to_teradata.py,2,1
providers/trino/src/airflow/providers/trino/hooks/trino.py,11,2
providers/vertica/docs/index.rst,28,1
providers/vertica/pyproject.toml,10,2
providers/vertica/src/airflow/providers/vertica/hooks/vertica.py,16,2
providers/edge3/src/airflow/providers/edge3/cli/worker.py,426,2
providers/edge3/tests/unit/edge3/cli/test_worker.py,345,3
chart/files/pod-template-file.kubernetes-helm-yaml,10,2
chart/templates/_helpers.yaml,84,2
chart/templates/api-server/api-server-deployment.yaml,18,4
chart/templates/cleanup/cleanup-cronjob.yaml,4,1
chart/templates/dag-processor/dag-processor-deployment.yaml,12,2
chart/templates/database-cleanup/database-cleanup-cronjob.yaml,4,1
chart/templates/flower/flower-deployment.yaml,8,2
chart/templates/jobs/create-user-job.yaml,4,1
chart/templates/jobs/migrate-database-job.yaml,4,1
chart/templates/scheduler/scheduler-deployment.yaml,31,4
chart/templates/triggerer/triggerer-deployment.yaml,12,2
chart/templates/webserver/webserver-deployment.yaml,10,2
chart/templates/workers/worker-deployment.yaml,128,13
helm-tests/tests/helm_tests/security/test_security_context.py,598,2
contributing-docs/05_pull_requests.rst,80,3
providers/cncf/kubernetes/src/airflow/providers/cncf/kubernetes/operators/pod.py,13,1
providers/cncf/kubernetes/tests/unit/cncf/kubernetes/operators/test_pod.py,45,2
providers/amazon/tests/system/amazon/aws/example_bedrock.py,4,1
providers/cncf/kubernetes/src/airflow/providers/cncf/kubernetes/operators/job.py,45,3
providers/cncf/kubernetes/tests/unit/cncf/kubernetes/operators/test_job.py,221,3
providers/openlineage/src/airflow/providers/openlineage/plugins/listener.py,133,3
providers/openlineage/tests/unit/openlineage/plugins/test_listener.py,90,2
scripts/docker/entrypoint_ci.sh,6,1
airflow-core/src/airflow/models/asset.py,17,1
providers/google/tests/unit/google/cloud/operators/test_kubernetes_engine.py,2,1
airflow-core/src/airflow/providers_manager.py,105,3
airflow-core/src/airflow/utils/singleton.py,33,1
airflow-core/tests/unit/always/test_providers_manager.py,95,2
airflow-core/tests/unit/utils/test_singleton.py,65,1
airflow-core/src/airflow/api_fastapi/auth/managers/base_auth_manager.py,51,2
airflow-core/src/airflow/api_fastapi/auth/managers/simple/simple_auth_manager.py,31,3
providers/keycloak/src/airflow/providers/keycloak/auth_manager/cli/commands.py,44,2
providers/keycloak/tests/unit/keycloak/auth_manager/cli/test_commands.py,32,2
chart/newsfragments/58547.significant.rst,24,1
chart/templates/workers/worker-hpa.yaml,20,2
chart/templates/workers/worker-kedaautoscaler.yaml,20,2
chart/templates/workers/worker-networkpolicy.yaml,17,1
chart/templates/workers/worker-service.yaml,17,1
helm-tests/tests/helm_tests/other/test_keda.py,103,2
airflow-core/docs/howto/custom-view-plugin.rst,2,1
airflow-core/src/airflow/api_fastapi/app.py,2,1
airflow-core/src/airflow/api_fastapi/auth/managers/simple/routes/login.py,2,1
airflow-core/src/airflow/api_fastapi/compat.py,20,1
airflow-core/src/airflow/api_fastapi/core_api/app.py,9,1
providers/amazon/src/airflow/providers/amazon/aws/auth_manager/routes/login.py,7,2
providers/fab/src/airflow/providers/fab/auth_manager/api_fastapi/routes/login.py,6,1
providers/fab/src/airflow/providers/fab/auth_manager/api_fastapi/services/login.py,3,1
providers/fab/src/airflow/providers/fab/auth_manager/fab_auth_manager.py,50,2
providers/fab/tests/unit/fab/auth_manager/api_fastapi/services/test_login.py,2,1
providers/keycloak/src/airflow/providers/keycloak/auth_manager/routes/login.py,4,2
providers/keycloak/src/airflow/providers/keycloak/auth_manager/routes/token.py,23,3
providers/keycloak/src/airflow/providers/keycloak/auth_manager/services/token.py,49,3
airflow-core/docs/img/airflow_erd.sha256,6,3
airflow-core/docs/img/airflow_erd.svg,12447,4
airflow-core/docs/migrations-ref.rst,12,3
airflow-core/src/airflow/api_fastapi/core_api/routes/public/dags.py,5,1
airflow-core/src/airflow/dag_processing/collection.py,8,2
airflow-core/src/airflow/migrations/versions/0098_3_2_0_add_timetable_type_to_dag_table_for_.py,55,1
airflow-core/src/airflow/models/dag.py,13,2
airflow-core/src/airflow/timetables/base.py,28,1
airflow-core/src/airflow/utils/db.py,437,4
airflow-core/tests/unit/api_fastapi/core_api/routes/public/test_dags.py,15,1
scripts/ci/prek/inline_scripts_in_docker.py,2,1
providers/google/src/airflow/providers/google/cloud/hooks/kubernetes_engine.py,4,1
chart/templates/NOTES.txt,152,8
contributing-docs/testing/unit_tests.rst,5,2
airflow-core/src/airflow/ui/src/components/DataTable/ToggleTableDisplay.tsx,60,2
airflow-core/src/airflow/ui/src/components/ui/ButtonGroupToggle.test.tsx,88,1
airflow-core/src/airflow/ui/src/components/ui/ButtonGroupToggle.tsx,59,1
airflow-core/src/airflow/ui/src/components/ui/index.ts,1,1
airflow-core/src/airflow/ui/src/pages/DagsList/DagsFilters/DagsFilters.tsx,371,3
airflow-core/src/airflow/ui/src/pages/DagsList/DagsFilters/FavoriteFilter.tsx,145,2
airflow-core/src/airflow/ui/src/pages/DagsList/DagsFilters/PausedFilter.tsx,109,2
airflow-core/src/airflow/ui/src/pages/DagsList/DagsFilters/RequiredActionFilter.tsx,47,1
airflow-core/src/airflow/ui/src/pages/DagsList/DagsFilters/StateFilters.tsx,194,2
airflow-core/src/airflow/ui/src/pages/DagsList/DagsFilters/TagFilter.tsx,7,2
airflow-core/src/airflow/ui/src/pages/DagsList/DagsList.test.tsx,8,1
dev/breeze/src/airflow_breeze/commands/release_management_validation.py,2,1
shared/plugins_manager/src/airflow_shared/plugins_manager/plugins_manager.py,307,2
chart/templates/pgbouncer/pgbouncer-deployment.yaml,4,1
chart/templates/statsd/statsd-deployment.yaml,4,1
helm-tests/tests/helm_tests/airflow_core/test_api_server.py,19,1
helm-tests/tests/helm_tests/airflow_core/test_dag_processor.py,19,1
helm-tests/tests/helm_tests/airflow_core/test_triggerer.py,19,1
helm-tests/tests/helm_tests/other/test_pgbouncer.py,19,1
helm-tests/tests/helm_tests/other/test_statsd.py,19,1
.github/PULL_REQUEST_TEMPLATE.md,59,2
providers/google/src/airflow/providers/google/cloud/triggers/bigquery.py,15,1
providers/google/src/airflow/providers/google/cloud/triggers/dataproc.py,28,1
providers/google/tests/system/google/gcp_api_client_helpers.py,14,2
providers/google/tests/unit/google/cloud/utils/gcp_authenticator.py,6,1
providers/google/tests/unit/google/marketing_platform/operators/test_campaign_manager.py,5,1
chart/newsfragments/60354.significant.rst,3,1
.github/actions/breeze/action.yml,8,3
.github/actions/post_tests_failure/action.yml,6,1
.github/actions/post_tests_success/action.yml,2,1
.github/workflows/release_dockerhub_image.yml,6,3
pyproject.toml,50,8
scripts/tools/setup_breeze,6,3
providers/edge3/src/airflow/providers/edge3/plugins/www/dist/main.umd.cjs,28,2
providers/edge3/src/airflow/providers/edge3/plugins/www/package.json,42,2
providers/edge3/src/airflow/providers/edge3/plugins/www/pnpm-lock.yaml,2451,2
providers/edge3/www-hash.txt,4,2
docs/spelling_wordlist.txt,3,3
providers/ssh/docs/index.rst,2,1
providers/ssh/docs/operators/ssh_remote_job.rst,264,1
providers/ssh/provider.yaml,8,1
providers/ssh/pyproject.toml,3,2
providers/ssh/src/airflow/providers/ssh/get_provider_info.py,12,1
providers/ssh/src/airflow/providers/ssh/hooks/ssh.py,142,1
providers/ssh/src/airflow/providers/ssh/operators/ssh_remote_job.py,455,1
providers/ssh/src/airflow/providers/ssh/triggers/__init__.py,17,1
providers/ssh/src/airflow/providers/ssh/triggers/ssh_remote_job.py,271,1
providers/ssh/src/airflow/providers/ssh/utils/__init__.py,17,1
providers/ssh/src/airflow/providers/ssh/utils/remote_job.py,448,1
providers/ssh/tests/unit/ssh/hooks/test_ssh_async.py,172,1
providers/ssh/tests/unit/ssh/operators/test_ssh_remote_job.py,331,1
providers/ssh/tests/unit/ssh/triggers/__init__.py,17,1
providers/ssh/tests/unit/ssh/triggers/test_ssh_remote_job.py,197,1
providers/ssh/tests/unit/ssh/utils/__init__.py,17,1
providers/ssh/tests/unit/ssh/utils/test_remote_job.py,254,1
providers/sftp/docs/sensors/sftp_sensor.rst,24,1
providers/sftp/src/airflow/providers/sftp/sensors/sftp.py,12,2
airflow-core/src/airflow/api_fastapi/core_api/datamodels/ui/config.py,3,2
airflow-core/src/airflow/api_fastapi/core_api/routes/ui/config.py,24,2
airflow-core/src/airflow/ui/public/i18n/locales/en/components.json,7,1
airflow-core/src/airflow/ui/src/components/TeamSelector.tsx,76,1
airflow-core/src/airflow/ui/src/mocks/handlers/config.ts,1,1
airflow-core/src/airflow/ui/src/pages/Connections/AddConnectionButton.tsx,1,1
airflow-core/src/airflow/ui/src/pages/Connections/ConnectionForm.tsx,57,2
airflow-core/src/airflow/ui/src/pages/Connections/Connections.tsx,21,2
airflow-core/src/airflow/ui/src/pages/Connections/EditConnectionButton.tsx,1,1
airflow-core/src/airflow/ui/src/queries/useAddConnection.ts,2,1
airflow-core/tests/unit/api_fastapi/core_api/routes/ui/test_config.py,12,2
providers/amazon/tests/system/amazon/aws/tests/test_aws_auth_manager.py,5,2
airflow-core/src/airflow/ui/rules/react.js,12,1
airflow-core/src/airflow/ui/src/components/ActionAccordion/ActionAccordion.tsx,3,1
airflow-core/src/airflow/ui/src/components/BasicTooltip.tsx,10,1
airflow-core/src/airflow/ui/src/components/Clear/TaskInstance/ClearTaskInstanceConfirmationDialog.tsx,14,1
airflow-core/src/airflow/ui/src/components/DagVersionSelect.tsx,28,1
airflow-core/src/airflow/ui/src/components/DataTable/CardList.tsx,8,1
airflow-core/src/airflow/ui/src/components/DataTable/DataTable.tsx,27,1
airflow-core/src/airflow/ui/src/components/DataTable/FilterMenuButton.tsx,2,1
airflow-core/src/airflow/ui/src/components/DataTable/TableList.tsx,1,1
airflow-core/src/airflow/ui/src/components/DataTable/useRowSelection.ts,40,1
airflow-core/src/airflow/ui/src/components/DataTable/useTableUrlState.ts,28,1
airflow-core/src/airflow/ui/src/components/FilterBar/FilterBar.tsx,23,1
airflow-core/src/airflow/ui/src/components/FilterBar/filters/DateRangeCalendar.tsx,78,1
airflow-core/src/airflow/ui/src/components/FilterBar/filters/DateRangeFilter.test.tsx,263,2
airflow-core/src/airflow/ui/src/components/FlexibleForm/FieldAdvancedArray.tsx,12,1
airflow-core/src/airflow/ui/src/components/FlexibleForm/FlexibleForm.tsx,57,1
airflow-core/src/airflow/ui/src/components/Graph/TaskNode.tsx,12,1
airflow-core/src/airflow/ui/src/components/TogglePause.tsx,12,1
airflow-core/src/airflow/ui/src/components/TrendCountChart.tsx,7,1
airflow-core/src/airflow/ui/src/components/ui/Pagination/PageText.tsx,18,1
airflow-core/src/airflow/ui/src/context/ChakraCustomProvider.tsx,23,2
airflow-core/src/airflow/ui/src/context/hover/HoverProvider.tsx,17,2
airflow-core/src/airflow/ui/src/context/openGroups/OpenGroupsProvider.tsx,47,1
airflow-core/src/airflow/ui/src/context/timezone/TimezoneProvider.tsx,7,1
airflow-core/src/airflow/ui/src/hooks/navigation/useKeyboardNavigation.ts,18,1
airflow-core/src/airflow/ui/src/hooks/useCalendarSelect.ts,28,1
airflow-core/src/airflow/ui/src/hooks/useDateRangeFilter.ts,26,1
airflow-core/src/airflow/ui/src/layouts/Details/Grid/Bar.tsx,36,2
airflow-core/src/airflow/ui/src/layouts/Details/Grid/GridTI.tsx,77,2
airflow-core/src/airflow/ui/src/layouts/Details/Grid/TaskInstancesColumn.tsx,134,2
airflow-core/src/airflow/ui/src/layouts/Details/Grid/TaskNames.tsx,286,2
airflow-core/src/airflow/ui/src/layouts/Nav/LanguageSelector.tsx,15,1
airflow-core/src/airflow/ui/src/layouts/Nav/NavButton.tsx,85,1
airflow-core/src/airflow/ui/src/layouts/Nav/TimezoneSelector.tsx,25,1
airflow-core/src/airflow/ui/src/pages/Asset/AssetLayout.tsx,26,1
airflow-core/src/airflow/ui/src/pages/AssetsList/AssetsList.tsx,3,1
airflow-core/src/airflow/ui/src/pages/Configs/Configs.tsx,3,1
airflow-core/src/airflow/ui/src/pages/Dag/Backfills/Backfills.tsx,3,1
airflow-core/src/airflow/ui/src/pages/Dag/Calendar/Calendar.tsx,41,1
airflow-core/src/airflow/ui/src/pages/Dag/Code/VersionCompareSelect.tsx,24,1
airflow-core/src/airflow/ui/src/pages/DagRuns.tsx,3,1
airflow-core/src/airflow/ui/src/pages/DagRunsFilters.tsx,35,1
airflow-core/src/airflow/ui/src/pages/DagsList/DagsList.tsx,25,2
airflow-core/src/airflow/ui/src/pages/Events/Events.tsx,6,1
airflow-core/src/airflow/ui/src/pages/Events/EventsFilters.tsx,50,1
airflow-core/src/airflow/ui/src/pages/HITLTaskInstances/HITLFilters.tsx,35,1
airflow-core/src/airflow/ui/src/pages/HITLTaskInstances/HITLTaskInstances.tsx,21,1
airflow-core/src/airflow/ui/src/pages/Plugins.tsx,30,1
airflow-core/src/airflow/ui/src/pages/Providers.tsx,3,1
airflow-core/src/airflow/ui/src/pages/ReactPlugin.tsx,62,1
airflow-core/src/airflow/ui/src/pages/Run/Header.tsx,6,1
airflow-core/src/airflow/ui/src/pages/TaskInstance/AssetEvents.tsx,48,1
airflow-core/src/airflow/ui/src/pages/TaskInstance/Header.tsx,6,1
airflow-core/src/airflow/ui/src/pages/TaskInstance/Logs/TaskLogContent.tsx,11,1
airflow-core/src/airflow/ui/src/pages/TaskInstance/Logs/TaskLogHeader.tsx,55,1
airflow-core/src/airflow/ui/src/pages/TaskInstance/TaskInstance.tsx,11,1
airflow-core/src/airflow/ui/src/pages/TaskInstances/TaskInstances.tsx,17,1
airflow-core/src/airflow/ui/src/pages/TaskInstances/TaskInstancesFilter.tsx,71,1
airflow-core/src/airflow/ui/src/pages/Variables/ImportVariablesForm.tsx,7,1
airflow-core/src/airflow/ui/src/pages/Variables/Variables.tsx,20,1
airflow-core/src/airflow/ui/src/pages/XCom/XCom.tsx,17,1
airflow-core/src/airflow/ui/src/pages/XCom/XComFilters.tsx,39,1
airflow-core/src/airflow/ui/src/queries/useLogs.tsx,37,1
airflow-core/src/airflow/ui/src/queries/useToggleFavoriteDag.ts,16,1
airflow-core/src/airflow/ui/src/queries/useUpdateHITLDetail.ts,14,1
airflow-core/src/airflow/ui/src/utils/useFiltersHandler.ts,123,1
airflow-core/src/airflow/ui/src/utils/usePersistentResizableState.ts,17,1
airflow-core/src/airflow/ui/vite.config.ts,8,1
airflow-ctl/RELEASE_NOTES.rst,31,1
NOTICE,2,1
airflow-core/NOTICE,2,1
airflow-ctl/NOTICE,2,1
chart/NOTICE,2,1
go-sdk/NOTICE,2,1
providers/airbyte/NOTICE,2,1
providers/alibaba/NOTICE,2,1
providers/amazon/NOTICE,2,1
providers/apache/beam/NOTICE,2,1
providers/apache/cassandra/NOTICE,2,1
providers/apache/drill/NOTICE,2,1
providers/apache/druid/NOTICE,2,1
providers/apache/flink/NOTICE,2,1
providers/apache/hdfs/NOTICE,2,1
providers/apache/hive/NOTICE,2,1
providers/apache/iceberg/NOTICE,2,1
providers/apache/impala/NOTICE,2,1
providers/apache/kafka/NOTICE,2,1
providers/apache/kylin/NOTICE,2,1
providers/apache/livy/NOTICE,2,1
providers/apache/pig/NOTICE,2,1
providers/apache/pinot/NOTICE,2,1
providers/apache/spark/NOTICE,2,1
providers/apache/tinkerpop/NOTICE,2,1
providers/apprise/NOTICE,2,1
providers/arangodb/NOTICE,2,1
providers/asana/NOTICE,2,1
providers/atlassian/jira/NOTICE,2,1
providers/celery/NOTICE,2,1
providers/cloudant/NOTICE,2,1
providers/cncf/kubernetes/NOTICE,2,1
providers/cohere/NOTICE,2,1
providers/common/compat/NOTICE,2,1
providers/common/io/NOTICE,2,1
providers/common/messaging/NOTICE,2,1
providers/common/sql/NOTICE,2,1
providers/databricks/NOTICE,2,1
providers/datadog/NOTICE,2,1
providers/dbt/cloud/NOTICE,2,1
providers/dingding/NOTICE,2,1
providers/discord/NOTICE,2,1
providers/docker/NOTICE,2,1
providers/edge3/NOTICE,2,1
providers/elasticsearch/NOTICE,2,1
providers/exasol/NOTICE,2,1
providers/fab/3rd-party-licenses/LICENSES-ui.txt,2,1
providers/fab/NOTICE,2,1
providers/facebook/NOTICE,2,1
providers/ftp/NOTICE,2,1
providers/git/NOTICE,2,1
providers/github/NOTICE,2,1
providers/google/NOTICE,2,1
providers/google/src/airflow/providers/google/3rd-party-licenses/NOTICE,2,1
providers/grpc/NOTICE,2,1
providers/hashicorp/NOTICE,2,1
providers/http/NOTICE,2,1
providers/imap/NOTICE,2,1
providers/influxdb/NOTICE,2,1
providers/jdbc/NOTICE,2,1
providers/jenkins/NOTICE,2,1
providers/keycloak/NOTICE,2,1
providers/microsoft/azure/NOTICE,2,1
providers/microsoft/mssql/NOTICE,2,1
providers/microsoft/psrp/NOTICE,2,1
providers/microsoft/winrm/NOTICE,2,1
providers/mongo/NOTICE,2,1
providers/mysql/NOTICE,2,1
providers/neo4j/NOTICE,2,1
providers/odbc/NOTICE,2,1
providers/openai/NOTICE,2,1
providers/openfaas/NOTICE,2,1
providers/openlineage/NOTICE,2,1
providers/opensearch/NOTICE,2,1
providers/opsgenie/NOTICE,2,1
providers/oracle/NOTICE,2,1
providers/pagerduty/NOTICE,2,1
providers/papermill/NOTICE,2,1
providers/pgvector/NOTICE,2,1
providers/pinecone/NOTICE,2,1
providers/postgres/NOTICE,2,1
providers/presto/NOTICE,2,1
providers/qdrant/NOTICE,2,1
providers/redis/NOTICE,2,1
providers/salesforce/NOTICE,2,1
providers/samba/NOTICE,2,1
providers/segment/NOTICE,2,1
providers/sendgrid/NOTICE,2,1
providers/sftp/NOTICE,2,1
providers/singularity/NOTICE,2,1
providers/slack/NOTICE,2,1
providers/smtp/NOTICE,2,1
providers/snowflake/NOTICE,2,1
providers/sqlite/NOTICE,2,1
providers/ssh/NOTICE,2,1
providers/standard/NOTICE,2,1
providers/tableau/NOTICE,2,1
providers/telegram/NOTICE,2,1
providers/teradata/NOTICE,2,1
providers/trino/NOTICE,2,1
providers/vertica/NOTICE,2,1
providers/weaviate/NOTICE,2,1
providers/yandex/NOTICE,2,1
providers/ydb/NOTICE,2,1
providers/zendesk/NOTICE,2,1
task-sdk/NOTICE,2,1
scripts/ci/docker-compose/backend-mysql.yml,4,1
providers/edge3/src/airflow/providers/edge3/cli/api_client.py,56,1
providers/edge3/src/airflow/providers/edge3/cli/dataclasses.py,13,1
providers/edge3/src/airflow/providers/edge3/cli/edge_command.py,214,2
providers/edge3/src/airflow/providers/edge3/worker_api/datamodels.py,11,1
providers/edge3/src/airflow/providers/edge3/worker_api/routes/jobs.py,2,1
providers/edge3/tests/unit/edge3/cli/test_api_client.py,106,1
providers/edge3/tests/unit/edge3/worker_api/routes/test_logs.py,2,1
providers/cncf/kubernetes/src/airflow/providers/cncf/kubernetes/executors/kubernetes_executor_utils.py,9,1
providers/cncf/kubernetes/tests/unit/cncf/kubernetes/executors/test_kubernetes_executor.py,12,1
.gitattributes,1,1
airflow-core/newsfragments/54505.significant.rst,1,1
airflow-core/src/airflow/exceptions.py,8,1
task-sdk/src/airflow/sdk/exceptions.py,7,2
providers/openlineage/src/airflow/providers/openlineage/plugins/adapter.py,44,3
providers/openlineage/tests/unit/openlineage/plugins/test_adapter.py,22,1
providers/openlineage/tests/unit/openlineage/utils/test_utils.py,724,1
providers/fab/src/airflow/providers/fab/auth_manager/security_manager/override.py,2,1
helm-tests/tests/chart_utils/helm_template_generator.py,5,1
helm-tests/tests/chart_utils/ingress-networking-v1beta1.json,46,1
dev/breeze/doc/images/output_k8s.svg,2,1
dev/breeze/doc/images/output_k8s.txt,2,1
dev/breeze/doc/images/output_k8s_dev.svg,4,1
dev/breeze/doc/images/output_k8s_dev.txt,2,1
dev/breeze/src/airflow_breeze/commands/kubernetes_commands.py,41,2
providers/fab/src/airflow/providers/fab/auth_manager/api_fastapi/datamodels/roles.py,14,1
providers/fab/src/airflow/providers/fab/auth_manager/api_fastapi/openapi/v2-fab-auth-manager-generated.yaml,36,1
providers/fab/tests/unit/fab/auth_manager/api_fastapi/datamodels/test_roles.py,18,1
airflow-core/src/airflow/cli/commands/dag_command.py,24,1
airflow-core/src/airflow/dag_processing/processor.py,11,1
airflow-core/src/airflow/utils/cli.py,12,1
airflow-core/tests/unit/cli/commands/test_dag_command.py,25,2
airflow-core/tests/unit/dag_processing/test_processor.py,8,1
airflow-core/tests/unit/models/test_dag.py,22,2
task-sdk/src/airflow/sdk/definitions/dag.py,27,3
task-sdk/src/airflow/sdk/execution_time/task_runner.py,91,8
task-sdk/tests/task_sdk/execution_time/test_task_runner.py,223,6
airflow-core/src/airflow/secrets/__init__.py,11,1
airflow-core/src/airflow/secrets/base_secrets.py,6,1
scripts/ci/prek/check_secrets_search_path_sync.py,89,1
task-sdk/src/airflow/sdk/configuration.py,15,1
task-sdk/src/airflow/sdk/execution_time/secrets/__init__.py,7,1
task-sdk/tests/task_sdk/execution_time/test_context.py,6,1
task-sdk/src/airflow/sdk/definitions/context.py,26,1
dev/verify_release_calendar.py,56,1
.github/CODEOWNERS,19,5
COMMITTERS.rst,2,1
dev/breeze/src/airflow_breeze/commands/release_command.py,120,2
scripts/in_container/install_airflow_and_providers.py,26,3
providers/standard/src/airflow/providers/standard/sensors/date_time.py,17,1
providers/standard/src/airflow/providers/standard/sensors/filesystem.py,20,2
providers/standard/src/airflow/providers/standard/sensors/time.py,20,2
providers/google/src/airflow/providers/google/cloud/operators/dataflow.py,6,2
providers/google/tests/system/google/cloud/dataflow/example_dataflow_native_python.py,4,1
providers/google/tests/system/google/cloud/dataflow/example_dataflow_native_python_async.py,1,1
providers/google/tests/system/google/cloud/dataflow/example_dataflow_streaming_python.py,6,1
providers/amazon/src/airflow/providers/amazon/aws/executors/batch/batch_executor.py,20,3
providers/amazon/src/airflow/providers/amazon/aws/executors/ecs/ecs_executor.py,19,3
providers/cncf/kubernetes/src/airflow/providers/cncf/kubernetes/get_provider_info.py,7,2
providers/cncf/kubernetes/src/airflow/providers/cncf/kubernetes/kube_config.py,26,1
providers/amazon/src/airflow/providers/amazon/aws/hooks/s3.py,2,1
providers/amazon/tests/unit/amazon/aws/hooks/test_s3.py,17,1
providers/postgres/pyproject.toml,5,2
providers/cncf/kubernetes/src/airflow/providers/cncf/kubernetes/callbacks.py,16,1
airflow-core/docs/best-practices.rst,100,2
devel-common/pyproject.toml,2,1
scripts/ci/prek/check_imports_in_providers.py,2,1
scripts/ci/prek/ruff_format.py,2,1
dev/react-plugin-tools/react_plugin_template/README.md,2,1
providers-summary-docs/index.rst,22,2
airflow-core/src/airflow/ui/src/layouts/BaseLayout.tsx,10,1
chart/newsfragments/60238.significant.rst,3,1
helm-tests/tests/helm_tests/other/test_hpa.py,33,1
helm-tests/tests/helm_tests/security/test_kerberos.py,4,1
airflow-core/src/airflow/ui/src/context/hover/Context.ts,2,1
airflow-core/src/airflow/ui/src/hooks/navigation/index.ts,2,1
airflow-core/src/airflow/ui/src/hooks/navigation/types.ts,8,1
airflow-core/src/airflow/ui/src/layouts/Details/PanelButtons.tsx,6,1
providers/snowflake/src/airflow/providers/snowflake/hooks/snowflake_sql_api.py,4,1
providers/snowflake/tests/unit/snowflake/hooks/test_snowflake_sql_api.py,21,1
providers/common/compat/src/airflow/providers/common/compat/standard/operators.py,424,2
providers/common/compat/src/airflow/providers/common/compat/version_compat.py,4,2
providers/standard/docs/operators/python.rst,56,2
providers/standard/src/airflow/providers/standard/example_dags/example_python_decorator.py,36,2
providers/standard/src/airflow/providers/standard/example_dags/example_python_operator.py,38,2
providers/standard/src/airflow/providers/standard/operators/python.py,132,2
providers/standard/tests/unit/standard/decorators/test_python.py,146,3
providers/standard/tests/unit/standard/operators/test_python.py,357,3
task-sdk/docs/api.rst,8,2
task-sdk/docs/index.rst,2,2
task-sdk/src/airflow/sdk/__init__.py,20,2
task-sdk/src/airflow/sdk/__init__.pyi,4,2
task-sdk/src/airflow/sdk/bases/decorator.py,106,2
task-sdk/src/airflow/sdk/bases/operator.py,135,4
task-sdk/src/airflow/sdk/definitions/_internal/abstractoperator.py,11,3
task-sdk/src/airflow/sdk/execution_time/callback_runner.py,134,2
task-sdk/src/airflow/sdk/execution_time/comms.py,144,2
airflow-core/tests/unit/cli/commands/test_connection_command.py,13,1
airflow-core/tests/unit/cli/commands/test_pool_command.py,15,1
airflow-core/tests/unit/cli/commands/test_rotate_fernet_key_command.py,5,1
airflow-core/tests/unit/cli/commands/test_team_command.py,29,1
airflow-core/pyproject.toml,17,4
airflow-core/src/airflow/_shared/listeners,1,1
airflow-core/src/airflow/listeners/__init__.py,4,1
airflow-core/src/airflow/listeners/listener.py,82,1
airflow-core/src/airflow/listeners/spec/asset.py,1,1
airflow-core/src/airflow/listeners/spec/importerrors.py,1,1
airflow-core/tests/unit/assets/test_manager.py,9,1
airflow-core/tests/unit/dag_processing/test_collection.py,6,1
airflow-core/tests/unit/jobs/test_base_job.py,5,1
airflow-core/tests/unit/jobs/test_scheduler_job.py,204,3
airflow-core/tests/unit/listeners/test_asset_listener.py,14,1
airflow-core/tests/unit/listeners/test_listeners.py,60,1
devel-common/src/tests_common/pytest_plugin.py,88,3
providers/openlineage/tests/system/openlineage/conftest.py,9,1
providers/openlineage/tests/unit/openlineage/plugins/test_execution.py,42,1
shared/listeners/pyproject.toml,53,1
shared/listeners/src/airflow_shared/listeners/__init__.py,22,1
shared/listeners/src/airflow_shared/listeners/listener.py,78,1
shared/listeners/src/airflow_shared/listeners/spec/__init__.py,16,1
shared/listeners/src/airflow_shared/listeners/spec/lifecycle.py,0,1
shared/listeners/src/airflow_shared/listeners/spec/taskinstance.py,10,1
shared/listeners/tests/conftest.py,22,1
shared/listeners/tests/listeners/__init__.py,18,1
shared/listeners/tests/listeners/test_listener_manager.py,164,1
task-sdk/pyproject.toml,13,4
task-sdk/src/airflow/sdk/_shared/listeners,1,1
task-sdk/src/airflow/sdk/listener.py,45,1
task-sdk/tests/conftest.py,8,1
task-sdk/tests/task_sdk/docs/test_public_api.py,2,2
airflow-core/docs/howto/customize-ui.rst,2,1
airflow-core/src/airflow/config_templates/config.yml,36,3
airflow-core/docs/project.rst,3,3
shared/dagnode/src/airflow_shared/dagnode/node.py,39,1
task-sdk/tests/task_sdk/definitions/test_dag.py,84,1
airflow-core/src/airflow/ui/public/i18n/locales/ca/admin.json,6,1
airflow-core/src/airflow/ui/public/i18n/locales/ca/assets.json,2,1
airflow-core/src/airflow/ui/public/i18n/locales/ca/browse.json,26,1
airflow-core/src/airflow/ui/public/i18n/locales/ca/common.json,11,1
airflow-core/src/airflow/ui/public/i18n/locales/ca/components.json,7,1
airflow-core/src/airflow/ui/public/i18n/locales/ca/dashboard.json,3,1
airflow-core/src/airflow/jobs/scheduler_job_runner.py,271,4
airflow-core/src/airflow/migrations/versions/0097_3_2_0_add_exceeds_max_runs_flag_to_dag_model.py,56,1
airflow-core/src/airflow/cli/cli_config.py,42,4
airflow-core/src/airflow/cli/commands/db_command.py,4,2
airflow-core/tests/unit/cli/commands/test_db_command.py,80,2
providers/fab/src/airflow/providers/fab/auth_manager/cli_commands/db_command.py,4,1
providers/fab/src/airflow/providers/fab/auth_manager/cli_commands/user_command.py,6,1
providers/fab/src/airflow/providers/fab/cli/definition.py,52,2
airflow-core/src/airflow/serialization/helpers.py,14,2
airflow-core/src/airflow/ui/src/pages/TaskInstance/BlockingDeps.tsx,25,1
airflow-core/src/airflow/ui/src/pages/TaskInstance/Details.tsx,7,1
airflow-core/src/airflow/ui/src/pages/TaskInstance/ExtraLinks.tsx,24,1
providers/google/docs/operators/cloud/gen_ai.rst,189,1
providers/google/src/airflow/providers/google/cloud/hooks/gen_ai.py,188,1
providers/google/src/airflow/providers/google/cloud/operators/gen_ai.py,865,1
providers/google/tests/system/google/cloud/gen_ai/example_gen_ai_gemini_batch_api.py,341,1
providers/google/tests/system/google/cloud/gen_ai/resources/gemini_batch_embeddings_requests.jsonl,2,1
providers/google/tests/system/google/cloud/gen_ai/resources/gemini_batch_requests.jsonl,2,1
providers/google/tests/unit/google/cloud/hooks/test_gen_ai.py,184,1
providers/google/tests/unit/google/cloud/operators/test_gen_ai.py,259,1
providers/amazon/docs/operators/ssm.rst,32,1
providers/amazon/src/airflow/providers/amazon/aws/hooks/ssm.py,22,1
providers/amazon/src/airflow/providers/amazon/aws/operators/ssm.py,58,2
providers/amazon/src/airflow/providers/amazon/aws/sensors/ssm.py,24,2
providers/amazon/src/airflow/providers/amazon/aws/triggers/ssm.py,52,1
providers/amazon/tests/system/amazon/aws/example_ssm.py,86,1
providers/amazon/tests/unit/amazon/aws/hooks/test_ssm.py,23,1
providers/amazon/tests/unit/amazon/aws/operators/test_ssm.py,240,1
providers/amazon/tests/unit/amazon/aws/sensors/test_ssm.py,52,1
providers/amazon/tests/unit/amazon/aws/triggers/test_ssm.py,89,1
airflow-core/tests/unit/serialization/test_dag_serialization.py,110,2
shared/module_loading/src/airflow_shared/module_loading/__init__.py,59,3
airflow-core/src/airflow/ui/public/i18n/locales/tr/admin.json,6,1
airflow-core/src/airflow/ui/public/i18n/locales/tr/assets.json,1,1
airflow-core/src/airflow/ui/public/i18n/locales/tr/browse.json,26,1
airflow-core/src/airflow/ui/public/i18n/locales/tr/common.json,11,1
airflow-core/src/airflow/ui/public/i18n/locales/tr/components.json,7,1
airflow-core/src/airflow/ui/public/i18n/locales/tr/dashboard.json,3,1
airflow-core/src/airflow/api_fastapi/auth/managers/simple/ui/src/queries/useCreateToken.ts,10,2
airflow-core/src/airflow/jobs/triggerer_job_runner.py,31,2
scripts/ci/prek/check_shared_distributions_usage.py,312,1
task-sdk/src/airflow/sdk/plugins_manager.py,135,2
airflow-core/src/airflow/models/log.py,9,1
airflow-core/tests/unit/models/test_log.py,84,1
docker-stack-docs/README.md,4,1
airflow-core/src/airflow/api_fastapi/core_api/routes/public/dag_run.py,10,1
airflow-core/docs/start.rst,2,1
chart/newsfragments/60186.significant.rst,3,1
airflow-core/src/airflow/ui/src/queries/useRefreshOnNewDagRuns.ts,12,1
airflow-core/src/airflow/dag_processing/manager.py,47,2
airflow-core/tests/unit/dag_processing/test_manager.py,83,2
airflow-core/src/airflow/api_fastapi/auth/managers/simple/ui/openapi-gen/queries/common.ts,50,1
airflow-core/src/airflow/api_fastapi/auth/managers/simple/ui/openapi-gen/queries/ensureQueryData.ts,48,2
airflow-core/src/airflow/api_fastapi/auth/managers/simple/ui/openapi-gen/queries/index.ts,2,1
airflow-core/src/airflow/api_fastapi/auth/managers/simple/ui/openapi-gen/queries/infiniteQueries.ts,3,1
airflow-core/src/airflow/api_fastapi/auth/managers/simple/ui/openapi-gen/queries/prefetch.ts,48,2
airflow-core/src/airflow/api_fastapi/auth/managers/simple/ui/openapi-gen/queries/queries.ts,152,2
airflow-core/src/airflow/api_fastapi/auth/managers/simple/ui/openapi-gen/queries/suspense.ts,63,2
airflow-core/src/airflow/api_fastapi/auth/managers/simple/ui/openapi-gen/requests/index.ts,3,1
airflow-core/src/airflow/api_fastapi/auth/managers/simple/ui/openapi-gen/requests/schemas.gen.ts,10,1
airflow-core/src/airflow/api_fastapi/auth/managers/simple/ui/openapi-gen/requests/services.gen.ts,141,1
airflow-core/src/airflow/api_fastapi/auth/managers/simple/ui/openapi-gen/requests/types.gen.ts,97,1
airflow-core/src/airflow/ui/public/i18n/README.md,6,1
chart/newsfragments/60163.significant.rst,3,1
airflow-core/src/airflow/ui/public/i18n/locales/fr/admin.json,6,1
airflow-core/src/airflow/ui/public/i18n/locales/fr/assets.json,2,1
airflow-core/src/airflow/ui/public/i18n/locales/fr/common.json,6,1
airflow-core/src/airflow/ui/public/i18n/locales/fr/dags.json,3,1
airflow-core/src/airflow/ui/public/i18n/locales/zh-TW/admin.json,6,1
airflow-core/src/airflow/ui/public/i18n/locales/zh-TW/assets.json,1,1
airflow-core/src/airflow/ui/public/i18n/locales/zh-TW/browse.json,26,1
airflow-core/src/airflow/ui/public/i18n/locales/zh-TW/common.json,15,1
airflow-core/src/airflow/ui/public/i18n/locales/zh-TW/components.json,10,1
airflow-core/src/airflow/ui/public/i18n/locales/zh-TW/dashboard.json,3,1
shared/configuration/src/airflow_shared/configuration/parser.py,49,2
airflow-core/newsfragments/59780.significant.rst,9,1
airflow-core/src/airflow/example_dags/plugins/decreasing_priority_weight_strategy.py,5,1
airflow-core/src/airflow/models/taskinstance.py,165,2
airflow-core/src/airflow/plugins_manager.py,301,4
airflow-core/src/airflow/serialization/serialized_objects.py,42,2
airflow-core/src/airflow/task/priority_strategy.py,73,1
airflow-core/tests/unit/jobs/test_triggerer_job.py,22,1
airflow-core/tests/unit/models/test_mappedoperator.py,3,1
airflow-core/tests/unit/utils/test_db_cleanup.py,69,2
providers/celery/tests/integration/celery/test_celery_executor.py,21,1
providers/cncf/kubernetes/src/airflow/providers/cncf/kubernetes/cli/kubernetes_command.py,4,1
task-sdk/src/airflow/sdk/definitions/mappedoperator.py,18,2
task-sdk/tests/task_sdk/bases/test_operator.py,31,1
airflow-core/src/airflow/_shared/plugins_manager,1,1
airflow-core/tests/unit/plugins/test_plugins_manager.py,79,1
providers/apache/hive/src/airflow/providers/apache/hive/plugins/hive.py,2,1
providers/databricks/tests/unit/databricks/plugins/test_databricks_workflow.py,3,1
providers/edge3/src/airflow/providers/edge3/plugins/edge_executor_plugin.py,2,1
providers/edge3/tests/unit/edge3/plugins/test_edge_executor_plugin.py,2,1
providers/fab/tests/unit/fab/plugins/test_plugin.py,2,1
providers/openlineage/src/airflow/providers/openlineage/plugins/openlineage.py,2,1
shared/plugins_manager/pyproject.toml,56,1
shared/plugins_manager/src/airflow_shared/plugins_manager/__init__.py,31,1
shared/plugins_manager/tests/conftest.py,21,1
shared/plugins_manager/tests/plugins_manager/__init__.py,16,1
shared/plugins_manager/tests/plugins_manager/test_plugins_manager.py,111,1
task-sdk/src/airflow/sdk/_shared/plugins_manager,1,1
airflow-core/src/airflow/ui/src/pages/Dag/Dag.tsx,5,1
airflow-core/docs/cli-and-env-variables-ref.rst,5,1
airflow-core/docs/core-concepts/auth-manager/index.rst,5,2
airflow-core/src/airflow/cli/cli_parser.py,135,1
airflow-core/src/airflow/provider.yaml.schema.json,7,1
airflow-core/src/airflow/provider_info.schema.json,7,1
airflow-core/tests/unit/cli/test_cli_parser.py,425,1
devel-common/src/sphinx_exts/operators_and_hooks_ref.py,17,1
devel-common/src/sphinx_exts/templates/cli-commands.rst.jinja2,22,1
providers-summary-docs/core-extensions/cli-commands.rst,143,1
providers-summary-docs/howto/create-custom-providers.rst,3,1
providers/.pre-commit-config.yaml,6,1
providers/amazon/docs/cli-ref.rst,2,1
providers/amazon/src/airflow/providers/amazon/aws/cli/__init__.py,16,1
providers/amazon/src/airflow/providers/amazon/aws/cli/definition.py,33,1
providers/amazon/src/airflow/providers/amazon/get_provider_info.py,1,1
providers/amazon/tests/unit/amazon/aws/cli/__init__.py,16,1
providers/amazon/tests/unit/amazon/aws/cli/test_definition.py,2,1
providers/celery/docs/cli-ref.rst,4,1
providers/celery/src/airflow/providers/celery/cli/definition.py,254,1
providers/celery/src/airflow/providers/celery/executors/celery_executor.py,222,1
providers/celery/src/airflow/providers/celery/executors/celery_kubernetes_executor.py,17,1
providers/celery/src/airflow/providers/celery/get_provider_info.py,1,1
providers/celery/tests/unit/celery/cli/test_definition.py,170,1
providers/cncf/kubernetes/docs/cli-ref.rst,4,1
providers/cncf/kubernetes/src/airflow/providers/cncf/kubernetes/cli/definition.py,115,1
providers/cncf/kubernetes/src/airflow/providers/cncf/kubernetes/executors/kubernetes_executor.py,88,1
providers/cncf/kubernetes/src/airflow/providers/cncf/kubernetes/executors/local_kubernetes_executor.py,9,1
providers/cncf/kubernetes/tests/unit/cncf/kubernetes/cli/test_definition.py,128,1
providers/edge3/docs/cli-ref.rst,4,1
providers/edge3/src/airflow/providers/edge3/cli/definition.py,261,1
providers/edge3/src/airflow/providers/edge3/executors/edge_executor.py,26,1
providers/edge3/src/airflow/providers/edge3/get_provider_info.py,1,1
providers/edge3/tests/unit/edge3/cli/test_definition.py,236,1
providers/fab/docs/cli-ref.rst,2,1
providers/fab/src/airflow/providers/fab/cli/__init__.py,18,1
providers/fab/src/airflow/providers/fab/get_provider_info.py,1,1
providers/fab/tests/unit/fab/auth_manager/cli/__init__.py,16,1
providers/fab/tests/unit/fab/auth_manager/cli_commands/test_db_command.py,30,1
providers/fab/tests/unit/fab/cli/__init__.py,16,1
providers/fab/tests/unit/fab/cli/test_definition.py,2,1
providers/keycloak/docs/auth-manager/manage/permissions.rst,2,1
providers/keycloak/docs/cli-ref.rst,6,1
providers/keycloak/docs/index.rst,8,2
providers/keycloak/provider.yaml,6,2
providers/keycloak/src/airflow/providers/keycloak/auth_manager/cli/__init__.py,1,1
providers/keycloak/src/airflow/providers/keycloak/auth_manager/keycloak_auth_manager.py,59,3
providers/keycloak/src/airflow/providers/keycloak/cli/__init__.py,16,1
providers/keycloak/src/airflow/providers/keycloak/cli/definition.py,31,1
providers/keycloak/src/airflow/providers/keycloak/get_provider_info.py,1,1
providers/keycloak/tests/unit/keycloak/cli/__init__.py,16,1
providers/keycloak/tests/unit/keycloak/cli/test_definition.py,29,1
scripts/ci/prek/check_cli_definition_imports.py,186,1
scripts/in_container/benchmark_cli_latency.py,271,1
airflow-core/src/airflow/ui/tests/e2e/pages/BackfillPage.ts,305,2
airflow-core/src/airflow/ui/tests/e2e/specs/backfill.spec.ts,176,2
dev/README_RELEASE_AIRFLOW.md,34,1
dev/README_RELEASE_HELM_CHART.md,79,1
airflow-core/src/airflow/api_fastapi/core_api/datamodels/connections.py,8,1
airflow-core/tests/unit/api_fastapi/core_api/routes/ui/test_connections.py,50,1
providers/google/src/airflow/providers/google/cloud/utils/credentials_provider.py,27,1
providers/google/docs/operators/cloud/bigquery.rst,4,1
providers/google/src/airflow/providers/google/cloud/operators/bigquery.py,30,3
providers/fab/src/airflow/providers/fab/www/package-lock.json,103,1
providers/fab/src/airflow/providers/fab/www/package.json,6,1
providers/fab/www-hash.txt,4,2
airflow-core/src/airflow/api_fastapi/execution_api/routes/connections.py,9,1
airflow-core/src/airflow/models/connection.py,28,1
airflow-core/src/airflow/secrets/environment_variables.py,8,1
airflow-core/src/airflow/secrets/local_filesystem.py,2,1
airflow-core/src/airflow/secrets/metastore.py,14,1
airflow-core/tests/unit/always/test_secrets.py,8,1
airflow-core/tests/unit/models/test_connection.py,34,1
providers/amazon/src/airflow/providers/amazon/aws/secrets/secrets_manager.py,3,1
providers/amazon/src/airflow/providers/amazon/aws/secrets/systems_manager.py,3,1
providers/google/src/airflow/providers/google/cloud/secrets/secret_manager.py,3,1
providers/hashicorp/src/airflow/providers/hashicorp/secrets/vault.py,2,1
providers/microsoft/azure/src/airflow/providers/microsoft/azure/secrets/key_vault.py,3,1
providers/yandex/src/airflow/providers/yandex/secrets/lockbox.py,3,1
shared/secrets_backend/src/airflow_shared/secrets_backend/base.py,8,1
task-sdk/src/airflow/sdk/execution_time/secrets/execution_api.py,10,1
providers/keycloak/docs/auth-manager/token.rst,25,1
providers/keycloak/src/airflow/providers/keycloak/auth_manager/datamodels/token.py,51,1
providers/keycloak/src/airflow/providers/keycloak/auth_manager/openapi/v2-keycloak-auth-manager-generated.yaml,42,1
providers/keycloak/src/airflow/providers/keycloak/auth_manager/user.py,2,1
providers/keycloak/tests/unit/keycloak/auth_manager/routes/test_token.py,68,1
providers/keycloak/tests/unit/keycloak/auth_manager/services/test_token.py,61,2
providers/keycloak/tests/unit/keycloak/auth_manager/test_keycloak_auth_manager.py,54,1
contributing-docs/11_documentation_building.rst,4,1
airflow-core/newsfragments/59835.significant.rst,7,1
airflow-core/src/airflow/cli/commands/task_command.py,56,1
airflow-core/src/airflow/serialization/enums.py,1,1
airflow-core/src/airflow/utils/context.py,76,1
airflow-core/src/airflow/utils/helpers.py,36,1
airflow-core/src/airflow/utils/log/log_reader.py,26,1
airflow-core/tests/unit/core/test_core.py,10,1
airflow-core/tests/unit/utils/log/test_log_reader.py,57,1
airflow-core/tests/unit/utils/test_helpers.py,19,1
devel-common/src/tests_common/test_utils/taskinstance.py,64,1
providers/amazon/src/airflow/providers/amazon/aws/executors/aws_lambda/lambda_executor.py,13,2
providers/amazon/src/airflow/providers/amazon/aws/hooks/sagemaker.py,7,1
providers/amazon/tests/unit/amazon/aws/executors/aws_lambda/test_lambda_executor.py,7,2
providers/amazon/tests/unit/amazon/aws/hooks/test_appflow.py,5,1
providers/amazon/tests/unit/amazon/aws/operators/test_appflow.py,5,1
providers/amazon/tests/unit/amazon/aws/operators/test_athena.py,10,1
providers/amazon/tests/unit/amazon/aws/operators/test_cloud_formation.py,6,1
providers/amazon/tests/unit/amazon/aws/operators/test_datasync.py,28,1
providers/amazon/tests/unit/amazon/aws/operators/test_dms.py,18,1
providers/amazon/tests/unit/amazon/aws/operators/test_emr_add_steps.py,8,1
providers/amazon/tests/unit/amazon/aws/operators/test_emr_create_job_flow.py,10,1
providers/amazon/tests/unit/amazon/aws/operators/test_emr_modify_cluster.py,6,1
providers/amazon/tests/unit/amazon/aws/operators/test_rds.py,6,1
providers/amazon/tests/unit/amazon/aws/operators/test_s3.py,2,1
providers/amazon/tests/unit/amazon/aws/operators/test_sagemaker_base.py,8,1
providers/amazon/tests/unit/amazon/aws/sensors/test_ecs.py,5,1
providers/amazon/tests/unit/amazon/aws/sensors/test_rds.py,6,1
providers/amazon/tests/unit/amazon/aws/sensors/test_s3.py,10,1
providers/amazon/tests/unit/amazon/aws/transfers/test_mongo_to_s3.py,2,1
providers/apache/druid/tests/unit/apache/druid/operators/test_druid.py,13,1
providers/cncf/kubernetes/tests/unit/cncf/kubernetes/decorators/test_kubernetes_commons.py,10,1
providers/common/io/tests/unit/common/io/xcom/test_backend.py,6,1
providers/dbt/cloud/tests/unit/dbt/cloud/hooks/test_dbt.py,5,1
providers/docker/tests/unit/docker/decorators/test_docker.py,30,1
providers/github/tests/unit/github/operators/test_github.py,5,1
providers/github/tests/unit/github/sensors/test_github.py,5,1
providers/google/tests/unit/google/cloud/hooks/test_gcs.py,6,1
providers/mysql/tests/unit/mysql/hooks/test_mysql.py,13,1
providers/slack/tests/unit/slack/transfers/test_sql_to_slack.py,5,1
providers/slack/tests/unit/slack/transfers/test_sql_to_slack_webhook.py,5,1
providers/standard/tests/unit/standard/decorators/test_bash.py,30,1
providers/standard/tests/unit/standard/sensors/test_time.py,5,1
scripts/ci/prek/check_template_context_variable_in_sync.py,34,1
providers/fab/docs/auth-manager/webserver-authentication.rst,4,1
providers/fab/src/airflow/providers/fab/www/app.py,9,1
providers/fab/src/airflow/providers/fab/www/extensions/init_appbuilder.py,5,1
providers/fab/src/airflow/providers/fab/www/static/dist/743.0c0bf201ae17e66a9a3f.js,2,1
providers/fab/src/airflow/providers/fab/www/static/dist/airflowDefaultTheme.ef6fc04c9b6920cd75c9.js,2,1
providers/fab/src/airflow/providers/fab/www/static/dist/flash.eaaf777ec1b3628cf7be.js,2,1
providers/fab/src/airflow/providers/fab/www/static/dist/loadingDots.76f4332c0a932c3dc08f.js,2,1
providers/fab/src/airflow/providers/fab/www/static/dist/main.bc1f701c3d133e2a3bab.js,2,1
providers/fab/src/airflow/providers/fab/www/static/dist/materialIcons.ad07a489b2f0fc1a96bf.js,2,1
providers/fab/src/airflow/providers/fab/www/static/dist/moment.5b85b4f6be2fe9c405ac.js,2,1
airflow-core/src/airflow/utils/db_manager.py,22,1
providers/fab/tests/unit/fab/auth_manager/test_fab_auth_manager.py,16,1
providers/fab/docs/auth-manager/configuring-flask-app.rst,2,1
providers/fab/docs/auth-manager/sso.rst,34,1
airflow-core/tests/unit/api_fastapi/auth/managers/simple/test_simple_auth_manager.py,22,1
airflow-core/tests/unit/api_fastapi/auth/managers/test_base_auth_manager.py,20,1
providers/keycloak/pyproject.toml,8,2
airflow-core/src/airflow/utils/file.py,193,1
airflow-core/tests/unit/plugins/test_plugin_ignore.py,2,1
airflow-core/tests/unit/utils/test_file.py,115,1
shared/module_loading/pyproject.toml,2,2
shared/module_loading/src/airflow_shared/module_loading/file_discovery.py,197,1
shared/module_loading/tests/module_loading/test_file_discovery.py,139,1
airflow-core/docs/howto/set-up-database.rst,4,1
airflow-core/src/airflow/models/trigger.py,57,2
providers/standard/tests/unit/standard/operators/test_hitl.py,2,1
task-sdk/src/airflow/sdk/serde/__init__.py,10,1
docs/README.md,2,1
INTHEWILD.md,2,1
providers/http/src/airflow/providers/http/operators/http.py,3,1
providers/http/src/airflow/providers/http/sensors/http.py,3,1
providers/microsoft/winrm/provider.yaml,7,2
providers/microsoft/winrm/src/airflow/providers/microsoft/winrm/get_provider_info.py,6,1
providers/google/src/airflow/providers/google/cloud/hooks/cloud_sql.py,4,1
airflow-core/tests/unit/api_fastapi/core_api/routes/public/test_backfills.py,18,1
airflow-core/tests/unit/api_fastapi/core_api/routes/public/test_connections.py,15,1
airflow-core/tests/unit/api_fastapi/core_api/routes/public/test_pools.py,21,1
airflow-core/docs/howto/usage-cli.rst,2,1
airflow-core/src/airflow/utils/db_cleanup.py,88,1
providers/odbc/docs/index.rst,30,1
providers/odbc/pyproject.toml,2,1
providers/odbc/src/airflow/providers/odbc/hooks/odbc.py,2,1
airflow-core/tests/unit/ti_deps/deps/test_not_previously_skipped_dep.py,5,1
kubernetes-tests/tests/kubernetes_tests/test_kubernetes_pod_operator.py,72,2
airflow-core/src/airflow/config_templates/unit_tests.cfg,4,1
providers/elasticsearch/tests/unit/elasticsearch/log/test_es_task_handler.py,2,1
providers/microsoft/azure/pyproject.toml,10,2
providers/microsoft/azure/src/airflow/providers/microsoft/azure/log/wasb_task_handler.py,2,1
providers/microsoft/azure/src/airflow/providers/microsoft/azure/operators/adx.py,3,1
providers/microsoft/azure/src/airflow/providers/microsoft/azure/operators/data_factory.py,2,1
providers/microsoft/azure/src/airflow/providers/microsoft/azure/sensors/data_factory.py,3,1
providers/microsoft/azure/src/airflow/providers/microsoft/azure/sensors/wasb.py,3,1
providers/microsoft/mssql/tests/unit/microsoft/mssql/hooks/test_mssql.py,2,1
providers/microsoft/winrm/pyproject.toml,8,2
providers/microsoft/winrm/src/airflow/providers/microsoft/winrm/operators/winrm.py,3,1
providers/opensearch/pyproject.toml,10,2
providers/opensearch/tests/unit/opensearch/log/test_os_task_handler.py,2,1
providers/standard/pyproject.toml,8,2
providers/standard/src/airflow/providers/standard/operators/trigger_dagrun.py,2,1
providers/standard/src/airflow/providers/standard/sensors/external_task.py,8,1
providers/standard/src/airflow/providers/standard/sensors/time_delta.py,11,1
providers/standard/src/airflow/providers/standard/utils/python_virtualenv.py,2,1
providers/standard/tests/unit/standard/operators/test_trigger_dagrun.py,63,2
airflow-core/src/airflow/models/pool.py,33,1
newsfragments/59938.bugfix.rst,1,1
tests/models/__init__.py,16,1
tests/models/test_pool.py,18,1
providers/amazon/src/airflow/providers/amazon/aws/auth_manager/avp/facade.py,3,1
providers/amazon/src/airflow/providers/amazon/aws/executors/batch/batch_executor_config.py,2,1
providers/amazon/src/airflow/providers/amazon/aws/executors/ecs/ecs_executor_config.py,6,1
providers/amazon/src/airflow/providers/amazon/aws/hooks/base_aws.py,3,1
providers/amazon/src/airflow/providers/amazon/aws/log/cloudwatch_task_handler.py,2,1
providers/amazon/src/airflow/providers/amazon/aws/log/s3_task_handler.py,2,1
providers/amazon/src/airflow/providers/amazon/aws/operators/athena.py,3,1
providers/amazon/src/airflow/providers/amazon/aws/operators/batch.py,3,1
providers/amazon/src/airflow/providers/amazon/aws/operators/bedrock.py,3,1
providers/amazon/src/airflow/providers/amazon/aws/operators/comprehend.py,3,1
providers/amazon/src/airflow/providers/amazon/aws/operators/dms.py,3,1
providers/amazon/src/airflow/providers/amazon/aws/operators/ecs.py,3,1
providers/amazon/src/airflow/providers/amazon/aws/operators/eks.py,3,1
providers/amazon/src/airflow/providers/amazon/aws/operators/glue.py,3,1
providers/amazon/src/airflow/providers/amazon/aws/operators/glue_crawler.py,3,1
providers/amazon/src/airflow/providers/amazon/aws/operators/glue_databrew.py,3,1
providers/amazon/src/airflow/providers/amazon/aws/operators/kinesis_analytics.py,3,1
providers/amazon/src/airflow/providers/amazon/aws/operators/lambda_function.py,3,1
providers/amazon/src/airflow/providers/amazon/aws/operators/mwaa.py,3,1
providers/amazon/src/airflow/providers/amazon/aws/operators/neptune.py,3,1
providers/amazon/src/airflow/providers/amazon/aws/operators/rds.py,3,1
providers/amazon/src/airflow/providers/amazon/aws/operators/redshift_cluster.py,3,1
providers/amazon/src/airflow/providers/amazon/aws/operators/redshift_data.py,3,1
providers/amazon/src/airflow/providers/amazon/aws/operators/sagemaker.py,3,1
providers/amazon/src/airflow/providers/amazon/aws/operators/sagemaker_unified_studio.py,3,1
providers/amazon/src/airflow/providers/amazon/aws/operators/step_function.py,3,1
providers/amazon/src/airflow/providers/amazon/aws/sensors/batch.py,3,1
providers/amazon/src/airflow/providers/amazon/aws/sensors/bedrock.py,3,1
providers/amazon/src/airflow/providers/amazon/aws/sensors/comprehend.py,3,1
providers/amazon/src/airflow/providers/amazon/aws/sensors/ec2.py,3,1
providers/amazon/src/airflow/providers/amazon/aws/sensors/emr.py,3,1
providers/amazon/src/airflow/providers/amazon/aws/sensors/glue.py,3,1
providers/amazon/src/airflow/providers/amazon/aws/sensors/glue_catalog_partition.py,3,1
providers/amazon/src/airflow/providers/amazon/aws/sensors/kinesis_analytics.py,3,1
providers/amazon/src/airflow/providers/amazon/aws/sensors/mwaa.py,3,1
providers/amazon/src/airflow/providers/amazon/aws/sensors/opensearch_serverless.py,3,1
providers/amazon/src/airflow/providers/amazon/aws/sensors/redshift_cluster.py,3,1
providers/amazon/src/airflow/providers/amazon/aws/sensors/s3.py,3,1
providers/amazon/src/airflow/providers/amazon/aws/sensors/sqs.py,3,1
providers/amazon/tests/unit/amazon/aws/executors/ecs/test_ecs_executor.py,3,1
airflow-core/src/airflow/ui/src/components/ui/InputWithAddon.tsx,3,1
.github/workflows/ci-image-build.yml,2,1
scripts/ci/make_mnt_writeable.sh,20,3
scripts/ci/move_docker_to_mnt.sh,46,1
contributing-docs/README.rst,2,1
airflow-core/newsfragments/59880.bugfix.rst,1,1
airflow-core/src/airflow/api_fastapi/core_api/services/public/config.py,10,1
airflow-core/tests/unit/api_fastapi/core_api/routes/public/test_config.py,8,1
clients/python/README.md,1,1
clients/python/test_python_client.py,1,1
airflow-core/src/airflow/listeners/spec/taskinstance.py,25,1
airflow-core/src/airflow/utils/__init__.py,10,1
airflow-core/src/airflow/utils/deprecation_tools.py,17,1
airflow-core/src/airflow/utils/entry_points.py,77,2
airflow-core/tests/unit/utils/test_deprecation_tools.py,38,1
airflow-core/docs/templates-ref.rst,9,1
generated/provider_metadata.json,144,1
.github/workflows/publish-docs-to-s3.yml,1,1
contributing-docs/14_metadata_database_updates.rst,23,1
providers/databricks/src/airflow/providers/databricks/operators/databricks.py,3,1
providers/databricks/src/airflow/providers/databricks/sensors/databricks.py,3,1
shared/module_loading/tests/module_loading/test_entry_points.py,4,1
providers/openlineage/pyproject.toml,17,3
providers/openlineage/tests/unit/openlineage/test_conf.py,2,1
airflow-core/src/airflow/settings.py,4,1
shared/secrets_masker/src/airflow_shared/secrets_masker/secrets_masker.py,5,1
shared/secrets_masker/tests/secrets_masker/test_secrets_masker.py,10,1
airflow-ctl-tests/tests/airflowctl_tests/conftest.py,116,3
dev/breeze/src/airflow_breeze/utils/run_tests.py,5,1
scripts/ci/prek/check_airflowctl_command_coverage.py,11,2
providers/openlineage/docs/changelog.rst,20,2
providers/snowflake/docs/changelog.rst,14,2
providers/openlineage/src/airflow/providers/openlineage/conf.py,2,1
providers/fab/src/airflow/providers/fab/auth_manager/views/user.py,12,2
airflow-core/src/airflow/cli/commands/config_command.py,8,1
airflow-core/src/airflow/configuration.py,7,2
airflow-core/tests/unit/cli/commands/test_config_command.py,44,1
airflow-core/tests/unit/core/test_configuration.py,19,2
providers/microsoft/winrm/src/airflow/providers/microsoft/winrm/hooks/winrm.py,5,1
providers/fab/tests/unit/fab/www/views/test_views_custom_user_views.py,36,1
providers/google/src/airflow/providers/google/cloud/log/gcs_task_handler.py,3,1
providers/google/src/airflow/providers/google/cloud/operators/bigquery_dts.py,3,1
providers/google/src/airflow/providers/google/cloud/operators/cloud_batch.py,3,1
providers/google/src/airflow/providers/google/cloud/operators/cloud_build.py,3,1
providers/google/src/airflow/providers/google/cloud/operators/cloud_composer.py,3,1
providers/google/src/airflow/providers/google/cloud/operators/cloud_run.py,3,1
providers/google/src/airflow/providers/google/cloud/operators/cloud_sql.py,3,1
providers/google/src/airflow/providers/google/cloud/operators/cloud_storage_transfer_service.py,3,1
providers/google/src/airflow/providers/google/cloud/operators/datafusion.py,3,1
providers/google/src/airflow/providers/google/cloud/operators/dataplex.py,2,1
providers/google/src/airflow/providers/google/cloud/operators/pubsub.py,3,1
providers/google/src/airflow/providers/google/cloud/operators/vertex_ai/batch_prediction_job.py,3,1
providers/google/src/airflow/providers/google/cloud/operators/vertex_ai/custom_job.py,3,1
providers/google/src/airflow/providers/google/cloud/operators/vertex_ai/hyperparameter_tuning_job.py,3,1
providers/google/src/airflow/providers/google/cloud/operators/vertex_ai/pipeline_job.py,3,1
providers/google/src/airflow/providers/google/cloud/sensors/bigquery.py,3,1
providers/google/src/airflow/providers/google/cloud/sensors/cloud_composer.py,8,1
providers/google/src/airflow/providers/google/cloud/sensors/cloud_storage_transfer_service.py,3,1
providers/google/src/airflow/providers/google/cloud/sensors/dataflow.py,3,1
providers/google/src/airflow/providers/google/cloud/sensors/gcs.py,3,1
providers/google/src/airflow/providers/google/cloud/sensors/pubsub.py,3,1
providers/google/src/airflow/providers/google/cloud/transfers/bigquery_to_gcs.py,3,1
providers/google/src/airflow/providers/google/cloud/transfers/gcs_to_bigquery.py,3,1
providers/google/src/airflow/providers/google/cloud/transfers/s3_to_gcs.py,3,1
providers/google/src/airflow/providers/google/common/auth_backend/google_openid.py,2,1
.github/workflows/additional-prod-image-tests.yml,5,1
.github/workflows/ci-amd-arm.yml,2,1
dev/breeze/src/airflow_breeze/utils/selective_checks.py,12,1
dev/breeze/tests/test_selective_checks.py,55,1
providers/openai/pyproject.toml,2,1
providers/openai/src/airflow/providers/openai/operators/openai.py,3,1
providers/discord/docs/notifications/discord_notifier_howto_guide.rst,70,1
providers/discord/docs/notifications/index.rst,27,1
providers/discord/src/airflow/providers/discord/hooks/discord_webhook.py,70,1
providers/discord/src/airflow/providers/discord/notifications/discord.py,14,1
providers/discord/src/airflow/providers/discord/notifications/embed.py,134,1
providers/discord/tests/unit/discord/hooks/test_discord_webhook.py,71,1
providers/discord/tests/unit/discord/notifications/test_discord.py,59,1
providers/discord/tests/unit/discord/notifications/test_embed.py,68,1
providers/common/io/src/airflow/providers/common/io/xcom/backend.py,2,1
providers/airbyte/src/airflow/providers/airbyte/operators/airbyte.py,3,1
providers/airbyte/src/airflow/providers/airbyte/sensors/airbyte.py,3,1
providers/dbt/cloud/src/airflow/providers/dbt/cloud/operators/dbt.py,3,1
providers/dbt/cloud/src/airflow/providers/dbt/cloud/sensors/dbt.py,3,1
providers/ssh/src/airflow/providers/ssh/operators/ssh.py,3,1
providers/presto/pyproject.toml,12,3
providers/snowflake/pyproject.toml,8,2
providers/snowflake/src/airflow/providers/snowflake/operators/snowflake.py,3,1
providers/sftp/pyproject.toml,2,1
airflow-ctl/src/airflowctl/ctl/cli_config.py,18,2
airflow-ctl/tests/airflow_ctl/ctl/commands/test_dag_command.py,8,1
providers/trino/pyproject.toml,2,1
providers/standard/docs/sensors/datetime.rst,17,1
providers/yandex/pyproject.toml,8,2
providers/yandex/src/airflow/providers/yandex/utils/user_agent.py,2,1
providers/yandex/tests/unit/yandex/utils/test_user_agent.py,2,1
providers/imap/src/airflow/providers/imap/hooks/imap.py,2,1
providers/redis/pyproject.toml,2,1
providers/redis/src/airflow/providers/redis/log/redis_task_handler.py,2,1
providers/alibaba/src/airflow/providers/alibaba/cloud/log/oss_task_handler.py,2,1
providers/standard/tests/unit/standard/operators/test_branch_operator.py,19,1
providers/standard/tests/unit/standard/operators/test_datetime.py,9,1
providers/standard/tests/unit/standard/operators/test_latest_only_operator.py,12,1
providers/standard/tests/unit/standard/operators/test_weekday.py,7,1
providers/standard/tests/unit/standard/sensors/test_external_task_sensor.py,15,1
providers/standard/tests/unit/standard/utils/test_skipmixin.py,17,1
contributing-docs/03a_contributors_quick_start_beginners.rst,4,1
chart/newsfragments/59730.significant.rst,3,1
airflow-core/docs/authoring-and-scheduling/deferring.rst,65,1
airflow-core/newsfragments/59239.feature.rst,1,1
airflow-core/src/airflow/api_fastapi/core_api/datamodels/trigger.py,1,1
airflow-core/src/airflow/api_fastapi/execution_api/datamodels/taskinstance.py,1,1
airflow-core/src/airflow/api_fastapi/execution_api/routes/task_instances.py,1,1
airflow-core/src/airflow/cli/commands/triggerer_command.py,19,1
airflow-core/src/airflow/migrations/versions/0015_2_9_0_update_trigger_kwargs_type.py,31,1
airflow-core/src/airflow/migrations/versions/0096_3_2_0_add_queue_column_to_trigger.py,50,1
airflow-core/tests/unit/api_fastapi/execution_api/versions/head/test_task_instances.py,154,1
airflow-core/tests/unit/cli/commands/test_triggerer_command.py,22,1
airflow-core/tests/unit/models/test_trigger.py,670,1
task-sdk/src/airflow/sdk/api/datamodels/_generated.py,1,1
task-sdk/tests/task_sdk/api/test_client.py,9,1
airflow-core/docs/administration-and-deployment/logging-monitoring/check-health.rst,11,1
chart/templates/redis/redis-statefulset.yaml,6,1
providers/apache/hdfs/src/airflow/providers/apache/hdfs/hooks/webhdfs.py,3,1
providers/apache/hdfs/src/airflow/providers/apache/hdfs/log/hdfs_task_handler.py,2,1
providers/apache/hive/src/airflow/providers/apache/hive/operators/hive.py,2,1
providers/apache/hive/tests/unit/apache/hive/operators/test_hive.py,2,1
providers/apache/livy/src/airflow/providers/apache/livy/operators/livy.py,3,1
providers/apache/spark/src/airflow/providers/apache/spark/hooks/spark_submit.py,3,1
providers/apache/spark/src/airflow/providers/apache/spark/operators/spark_submit.py,3,1
scripts/ci/prek/check_shared_distributions_structure.py,6,1
.rat-excludes,1,1
BEFORE_AFTER_COMPARISON.md,18,1
providers/openlineage/tests/system/openlineage/dag_doc.md,19,1
providers/openlineage/tests/system/openlineage/example_openlineage_docs_file_dag.py,9,1
airflow-core/docs/installation/upgrading_to_airflow3.rst,4,1
airflow-ctl/docs/images/command_hashes.txt,4,1
airflow-ctl/docs/images/output_connections.svg,141,1
airflow-ctl/docs/images/output_variables.svg,114,1
airflow-ctl/newsfragments/59850.significant.rst,30,1
airflow-ctl/src/airflowctl/ctl/commands/variable_command.py,22,1
airflow-ctl/tests/airflow_ctl/ctl/commands/test_variable_command.py,20,1
scripts/in_container/run_capture_airflowctl_help.py,2,1
providers/common/messaging/docs/.latest-doc-only-change.txt,2,1
providers/imap/src/airflow/providers/imap/__init__.py,2,1
providers/influxdb/README.rst,6,1
providers/influxdb/docs/changelog.rst,11,1
providers/influxdb/docs/index.rst,6,1
providers/influxdb/provider.yaml,3,1
providers/influxdb/pyproject.toml,6,1
providers/influxdb/src/airflow/providers/influxdb/__init__.py,2,1
providers/keycloak/README.rst,6,1
providers/keycloak/docs/changelog.rst,13,1
providers/keycloak/src/airflow/providers/keycloak/__init__.py,2,1
providers/microsoft/azure/README.rst,8,1
providers/microsoft/azure/docs/changelog.rst,15,1
providers/microsoft/azure/docs/index.rst,8,1
providers/microsoft/azure/provider.yaml,3,1
providers/microsoft/azure/src/airflow/providers/microsoft/azure/__init__.py,2,1
providers/microsoft/psrp/README.rst,6,1
providers/microsoft/psrp/docs/changelog.rst,11,1
providers/microsoft/psrp/docs/index.rst,6,1
providers/microsoft/psrp/provider.yaml,3,1
providers/microsoft/psrp/pyproject.toml,6,1
providers/microsoft/psrp/src/airflow/providers/microsoft/psrp/__init__.py,2,1
providers/microsoft/winrm/README.rst,6,1
providers/microsoft/winrm/docs/changelog.rst,11,1
providers/microsoft/winrm/docs/index.rst,6,1
providers/microsoft/winrm/src/airflow/providers/microsoft/winrm/__init__.py,2,1
providers/mongo/README.rst,6,1
providers/mongo/docs/changelog.rst,11,1
providers/mongo/docs/index.rst,6,1
providers/mongo/provider.yaml,3,1
providers/mongo/pyproject.toml,6,1
providers/mongo/src/airflow/providers/mongo/__init__.py,2,1
providers/neo4j/README.rst,6,1
providers/neo4j/docs/changelog.rst,11,1
providers/neo4j/docs/index.rst,6,1
providers/neo4j/provider.yaml,3,1
providers/neo4j/pyproject.toml,6,1
providers/neo4j/src/airflow/providers/neo4j/__init__.py,2,1
providers/openlineage/README.rst,12,1
providers/openlineage/docs/index.rst,8,1
providers/openlineage/provider.yaml,3,1
providers/openlineage/src/airflow/providers/openlineage/__init__.py,2,1
providers/opensearch/README.rst,8,1
providers/opensearch/docs/changelog.rst,12,1
providers/opensearch/docs/index.rst,8,1
providers/opensearch/provider.yaml,3,1
providers/opensearch/src/airflow/providers/opensearch/__init__.py,2,1
providers/pinecone/README.rst,6,1
providers/pinecone/docs/changelog.rst,12,1
providers/pinecone/docs/index.rst,6,1
providers/pinecone/provider.yaml,3,1
providers/pinecone/pyproject.toml,6,1
providers/pinecone/src/airflow/providers/pinecone/__init__.py,2,1
providers/presto/README.rst,6,1
providers/presto/docs/changelog.rst,11,1
providers/presto/docs/index.rst,6,1
providers/presto/provider.yaml,3,1
providers/presto/src/airflow/providers/presto/__init__.py,2,1
providers/qdrant/README.rst,6,1
providers/qdrant/docs/changelog.rst,11,1
providers/qdrant/docs/index.rst,6,1
providers/qdrant/provider.yaml,3,1
providers/qdrant/pyproject.toml,6,1
providers/qdrant/src/airflow/providers/qdrant/__init__.py,2,1
providers/snowflake/README.rst,6,1
providers/snowflake/docs/index.rst,6,1
providers/snowflake/provider.yaml,3,1
providers/snowflake/src/airflow/providers/snowflake/__init__.py,2,1
providers/standard/README.rst,6,1
providers/standard/docs/changelog.rst,23,1
providers/standard/docs/index.rst,6,1
providers/standard/provider.yaml,3,1
providers/standard/src/airflow/providers/standard/__init__.py,2,1
providers/teradata/README.rst,6,1
providers/teradata/docs/changelog.rst,16,1
providers/teradata/docs/index.rst,6,1
providers/teradata/provider.yaml,3,1
providers/teradata/src/airflow/providers/teradata/__init__.py,2,1
providers/yandex/README.rst,6,1
providers/yandex/docs/changelog.rst,12,1
providers/yandex/docs/index.rst,6,1
providers/yandex/provider.yaml,3,1
providers/yandex/src/airflow/providers/yandex/__init__.py,2,1
